logger=settings t=2026-04-27T14:16:22.210943559Z level=info msg="Starting Grafana" version=13.0.1 commit=a100054f branch=release-13.0.1 compiled=2026-04-17T01:07:39Z
logger=settings t=2026-04-27T14:16:22.211220488Z level=info msg="Unified migration configs enforced" storage_type=unified target=[all]
logger=settings t=2026-04-27T14:16:22.211230278Z level=info msg="Enforcing mode 5 for resource in unified storage" resource=playlists.playlist.grafana.app
logger=settings t=2026-04-27T14:16:22.211234958Z level=info msg="Enforcing mode 5 for resource in unified storage" resource=folders.folder.grafana.app
logger=settings t=2026-04-27T14:16:22.211239128Z level=info msg="Enforcing mode 5 for resource in unified storage" resource=dashboards.dashboard.grafana.app
logger=settings t=2026-04-27T14:16:22.211281318Z level=info msg="Config loaded from" file=/usr/share/grafana/conf/defaults.ini
logger=settings t=2026-04-27T14:16:22.211285648Z level=info msg="Config loaded from" file=/etc/grafana/grafana.ini
logger=settings t=2026-04-27T14:16:22.211289978Z level=info msg="Config overridden from command line" arg="default.paths.data=/var/lib/grafana"
logger=settings t=2026-04-27T14:16:22.211294138Z level=info msg="Config overridden from command line" arg="default.paths.logs=/var/log/grafana"
logger=settings t=2026-04-27T14:16:22.211298368Z level=info msg="Config overridden from command line" arg="default.paths.plugins=/var/lib/grafana/plugins"
logger=settings t=2026-04-27T14:16:22.211302188Z level=info msg="Config overridden from command line" arg="default.paths.provisioning=/etc/grafana/provisioning"
logger=settings t=2026-04-27T14:16:22.211306178Z level=info msg=Target target=[all]
logger=settings t=2026-04-27T14:16:22.211310908Z level=info msg="Path Home" path=/usr/share/grafana
logger=settings t=2026-04-27T14:16:22.211314788Z level=info msg="Path Data" path=/var/lib/grafana
logger=settings t=2026-04-27T14:16:22.211318478Z level=info msg="Path Logs" path=/var/log/grafana
logger=settings t=2026-04-27T14:16:22.211322178Z level=info msg="Path Plugins" path="[/var/lib/grafana/plugins /usr/share/grafana/data/plugins-bundled]"
logger=settings t=2026-04-27T14:16:22.211327318Z level=info msg="Path Provisioning" path=/etc/grafana/provisioning
logger=settings t=2026-04-27T14:16:22.211331178Z level=info msg="App mode production"
logger=featuremgmt t=2026-04-27T14:16:22.211692368Z level=info msg=FeatureToggles alertRuleRestore=true alertingBulkActionsInUI=true alertingImportYAMLUI=true alertingListViewV2=true alertingListViewV2PreviewToggle=true alertingMigrationUI=true alertingNavigationV2=true alertingNotificationsStepMode=true alertingQueryAndExpressionsStepMode=true alertingRulePermanentlyDelete=true alertingRuleRecoverDeleted=true alertingRuleVersionHistoryRestore=true alertingSaveStateCompressed=true alertingUIOptimizeReducer=true alertingUIUseBackendFilters=true alertingUIUseFullyCompatBackendFilters=true alertingUseNewSimplifiedRoutingHashAlgorithm=true annotationPermissionUpdate=true awsAsyncQueryCaching=true awsDatasourcesTempCredentials=true azureMonitorEnableUserAuth=true azureMonitorPrometheusExemplars=true azureResourcePickerUpdates=true cloudWatchCrossAccountQuerying=true cloudWatchNewLabelParsing=true cloudWatchRoundUpEndTime=true dashboardDefaultLayoutSelector=true dashboardNewLayouts=true dashboardScene=true dashgpt=true enableSCIM=true externalVizSuggestions=true feedbackButton=true grafanaAdvisor=true grafanaAssistantInProfilesDrilldown=true grafanaconThemes=true improvedExternalSessionHandling=true improvedExternalSessionHandlingSAML=true influxdbBackendMigration=true logsPanelControls=true lokiLabelNamesQueryApi=true lokiQuerySplitting=true multiPropsVariables=true newLogsPanel=true newPanelPadding=true newTimeRangeZoomShortcuts=true newUnconfiguredPanel=true newVizSuggestions=true onlyStoreActionSets=true preventPanelChromeOverflow=true prometheusAzureOverrideAudience=true prometheusTypeMigration=true provisioning=true provisioningFolderMetadata=true publicDashboardsScene=true rememberUserOrgForSso=true renderAuthJWT=true restoreDashboards=true restrictedPluginApis=true sharingDashboardImage=true splashScreen=true timeRangePan=true useSessionStorageForRedirection=true
logger=sqlstore t=2026-04-27T14:16:22.211740118Z level=info msg="Connecting to DB" dbtype=sqlite3
logger=sqlstore t=2026-04-27T14:16:22.211744298Z level=info msg="Using SQLite driver" driver=modernc.org/sqlite
logger=sqlstore t=2026-04-27T14:16:22.211760218Z level=info msg="Creating SQLite database file" path=/var/lib/grafana/grafana.db
logger=migrator t=2026-04-27T14:16:22.212403136Z level=info msg="Locking database"
logger=migrator t=2026-04-27T14:16:22.212411876Z level=info msg="Starting DB migrations"
logger=migrator t=2026-04-27T14:16:22.212689106Z level=info msg="Executing migration" id="create migration_log table"
logger=migrator t=2026-04-27T14:16:22.212904786Z level=info msg="Migration successfully executed" id="create migration_log table" duration=215.37µs
logger=migrator t=2026-04-27T14:16:22.219438324Z level=info msg="Executing migration" id="create user table"
logger=migrator t=2026-04-27T14:16:22.219675154Z level=info msg="Migration successfully executed" id="create user table" duration=237.42µs
logger=migrator t=2026-04-27T14:16:22.224228706Z level=info msg="Executing migration" id="add unique index user.login"
logger=migrator t=2026-04-27T14:16:22.224529645Z level=info msg="Migration successfully executed" id="add unique index user.login" duration=296.449µs
logger=migrator t=2026-04-27T14:16:22.229014967Z level=info msg="Executing migration" id="add unique index user.email"
logger=migrator t=2026-04-27T14:16:22.229265397Z level=info msg="Migration successfully executed" id="add unique index user.email" duration=250.45µs
logger=migrator t=2026-04-27T14:16:22.233819029Z level=info msg="Executing migration" id="drop index UQE_user_login - v1"
logger=migrator t=2026-04-27T14:16:22.234077539Z level=info msg="Migration successfully executed" id="drop index UQE_user_login - v1" duration=258.45µs
logger=migrator t=2026-04-27T14:16:22.237809362Z level=info msg="Executing migration" id="drop index UQE_user_email - v1"
logger=migrator t=2026-04-27T14:16:22.238108662Z level=info msg="Migration successfully executed" id="drop index UQE_user_email - v1" duration=298.71µs
logger=migrator t=2026-04-27T14:16:22.242612754Z level=info msg="Executing migration" id="Rename table user to user_v1 - v1"
logger=migrator t=2026-04-27T14:16:22.243360783Z level=info msg="Migration successfully executed" id="Rename table user to user_v1 - v1" duration=747.649µs
logger=migrator t=2026-04-27T14:16:22.247832025Z level=info msg="Executing migration" id="create user table v2"
logger=migrator t=2026-04-27T14:16:22.248104954Z level=info msg="Migration successfully executed" id="create user table v2" duration=272.559µs
logger=migrator t=2026-04-27T14:16:22.252612586Z level=info msg="Executing migration" id="create index UQE_user_login - v2"
logger=migrator t=2026-04-27T14:16:22.253081216Z level=info msg="Migration successfully executed" id="create index UQE_user_login - v2" duration=468.03µs
logger=migrator t=2026-04-27T14:16:22.257856137Z level=info msg="Executing migration" id="create index UQE_user_email - v2"
logger=migrator t=2026-04-27T14:16:22.258128317Z level=info msg="Migration successfully executed" id="create index UQE_user_email - v2" duration=272.06µs
logger=migrator t=2026-04-27T14:16:22.263074628Z level=info msg="Executing migration" id="copy data_source v1 to v2"
logger=migrator t=2026-04-27T14:16:22.263248098Z level=info msg="Migration successfully executed" id="copy data_source v1 to v2" duration=173.61µs
logger=migrator t=2026-04-27T14:16:22.26784756Z level=info msg="Executing migration" id="Drop old table user_v1"
logger=migrator t=2026-04-27T14:16:22.26807415Z level=info msg="Migration successfully executed" id="Drop old table user_v1" duration=226.71µs
logger=migrator t=2026-04-27T14:16:22.272613372Z level=info msg="Executing migration" id="Add column help_flags1 to user table"
logger=migrator t=2026-04-27T14:16:22.273039591Z level=info msg="Migration successfully executed" id="Add column help_flags1 to user table" duration=425.869µs
logger=migrator t=2026-04-27T14:16:22.277678353Z level=info msg="Executing migration" id="Update user table charset"
logger=migrator t=2026-04-27T14:16:22.277706563Z level=info msg="Migration successfully executed" id="Update user table charset" duration=28.96µs
logger=migrator t=2026-04-27T14:16:22.281757946Z level=info msg="Executing migration" id="Add last_seen_at column to user"
logger=migrator t=2026-04-27T14:16:22.282178145Z level=info msg="Migration successfully executed" id="Add last_seen_at column to user" duration=420.129µs
logger=migrator t=2026-04-27T14:16:22.286592967Z level=info msg="Executing migration" id="Add missing user data"
logger=migrator t=2026-04-27T14:16:22.286671887Z level=info msg="Migration successfully executed" id="Add missing user data" duration=79.21µs
logger=migrator t=2026-04-27T14:16:22.290316011Z level=info msg="Executing migration" id="Add is_disabled column to user"
logger=migrator t=2026-04-27T14:16:22.2906951Z level=info msg="Migration successfully executed" id="Add is_disabled column to user" duration=379.009µs
logger=migrator t=2026-04-27T14:16:22.295113793Z level=info msg="Executing migration" id="Add index user.login/user.email"
logger=migrator t=2026-04-27T14:16:22.295367132Z level=info msg="Migration successfully executed" id="Add index user.login/user.email" duration=253.049µs
logger=migrator t=2026-04-27T14:16:22.299805704Z level=info msg="Executing migration" id="Add is_service_account column to user"
logger=migrator t=2026-04-27T14:16:22.300236044Z level=info msg="Migration successfully executed" id="Add is_service_account column to user" duration=429.96µs
logger=migrator t=2026-04-27T14:16:22.304855996Z level=info msg="Executing migration" id="Update is_service_account column to nullable"
logger=migrator t=2026-04-27T14:16:22.306238173Z level=info msg="Migration successfully executed" id="Update is_service_account column to nullable" duration=1.382007ms
logger=migrator t=2026-04-27T14:16:22.310725575Z level=info msg="Executing migration" id="Add uid column to user"
logger=migrator t=2026-04-27T14:16:22.311191535Z level=info msg="Migration successfully executed" id="Add uid column to user" duration=468.339µs
logger=migrator t=2026-04-27T14:16:22.315712877Z level=info msg="Executing migration" id="Update uid column values for users"
logger=migrator t=2026-04-27T14:16:22.315822517Z level=info msg="Migration successfully executed" id="Update uid column values for users" duration=109.54µs
logger=migrator t=2026-04-27T14:16:22.319933169Z level=info msg="Executing migration" id="Make sure users uid are set"
logger=migrator t=2026-04-27T14:16:22.320052199Z level=info msg="Migration successfully executed" id="Make sure users uid are set" duration=119.61µs
logger=migrator t=2026-04-27T14:16:22.324646821Z level=info msg="Executing migration" id="Add unique index user_uid"
logger=migrator t=2026-04-27T14:16:22.324947191Z level=info msg="Migration successfully executed" id="Add unique index user_uid" duration=301.91µs
logger=migrator t=2026-04-27T14:16:22.328834024Z level=info msg="Executing migration" id="Add is_provisioned column to user"
logger=migrator t=2026-04-27T14:16:22.329259013Z level=info msg="Migration successfully executed" id="Add is_provisioned column to user" duration=424.709µs
logger=migrator t=2026-04-27T14:16:22.333718025Z level=info msg="Executing migration" id="update login field with orgid to allow for multiple service accounts with same name across orgs"
logger=migrator t=2026-04-27T14:16:22.333851345Z level=info msg="Migration successfully executed" id="update login field with orgid to allow for multiple service accounts with same name across orgs" duration=133.52µs
logger=migrator t=2026-04-27T14:16:22.337610449Z level=info msg="Executing migration" id="update service accounts login field orgid to appear only once"
logger=migrator t=2026-04-27T14:16:22.337799448Z level=info msg="Migration successfully executed" id="update service accounts login field orgid to appear only once" duration=189.029µs
logger=migrator t=2026-04-27T14:16:22.341513692Z level=info msg="Executing migration" id="update login and email fields to lowercase"
logger=migrator t=2026-04-27T14:16:22.341730761Z level=info msg="Migration successfully executed" id="update login and email fields to lowercase" duration=216.929µs
logger=migrator t=2026-04-27T14:16:22.347522721Z level=info msg="Executing migration" id="update login and email fields to lowercase2"
logger=migrator t=2026-04-27T14:16:22.347698041Z level=info msg="Migration successfully executed" id="update login and email fields to lowercase2" duration=175.43µs
logger=migrator t=2026-04-27T14:16:22.351525474Z level=info msg="Executing migration" id="Add index on user.is_service_account and user.last_seen_at"
logger=migrator t=2026-04-27T14:16:22.351796834Z level=info msg="Migration successfully executed" id="Add index on user.is_service_account and user.last_seen_at" duration=271.28µs
logger=migrator t=2026-04-27T14:16:22.356571916Z level=info msg="Executing migration" id="Expand user.uid length to 190"
logger=migrator t=2026-04-27T14:16:22.356626436Z level=info msg="Migration successfully executed" id="Expand user.uid length to 190" duration=54.76µs
logger=migrator t=2026-04-27T14:16:22.360509899Z level=info msg="Executing migration" id="Prefix SCIM uid for provisioned users"
logger=migrator t=2026-04-27T14:16:22.360596939Z level=info msg="Migration successfully executed" id="Prefix SCIM uid for provisioned users" duration=87.45µs
logger=migrator t=2026-04-27T14:16:22.36535447Z level=info msg="Executing migration" id="create temp user table v1-7"
logger=migrator t=2026-04-27T14:16:22.36563988Z level=info msg="Migration successfully executed" id="create temp user table v1-7" duration=283.26µs
logger=migrator t=2026-04-27T14:16:22.370215672Z level=info msg="Executing migration" id="create index IDX_temp_user_email - v1-7"
logger=migrator t=2026-04-27T14:16:22.370480352Z level=info msg="Migration successfully executed" id="create index IDX_temp_user_email - v1-7" duration=264.24µs
logger=migrator t=2026-04-27T14:16:22.375008744Z level=info msg="Executing migration" id="create index IDX_temp_user_org_id - v1-7"
logger=migrator t=2026-04-27T14:16:22.375268403Z level=info msg="Migration successfully executed" id="create index IDX_temp_user_org_id - v1-7" duration=259.589µs
logger=migrator t=2026-04-27T14:16:22.379834095Z level=info msg="Executing migration" id="create index IDX_temp_user_code - v1-7"
logger=migrator t=2026-04-27T14:16:22.380072515Z level=info msg="Migration successfully executed" id="create index IDX_temp_user_code - v1-7" duration=238.29µs
logger=migrator t=2026-04-27T14:16:22.384509477Z level=info msg="Executing migration" id="create index IDX_temp_user_status - v1-7"
logger=migrator t=2026-04-27T14:16:22.384778757Z level=info msg="Migration successfully executed" id="create index IDX_temp_user_status - v1-7" duration=269.02µs
logger=migrator t=2026-04-27T14:16:22.389404549Z level=info msg="Executing migration" id="Update temp_user table charset"
logger=migrator t=2026-04-27T14:16:22.389422699Z level=info msg="Migration successfully executed" id="Update temp_user table charset" duration=18.37µs
logger=migrator t=2026-04-27T14:16:22.394020571Z level=info msg="Executing migration" id="drop index IDX_temp_user_email - v1"
logger=migrator t=2026-04-27T14:16:22.39426233Z level=info msg="Migration successfully executed" id="drop index IDX_temp_user_email - v1" duration=241.649µs
logger=migrator t=2026-04-27T14:16:22.398726692Z level=info msg="Executing migration" id="drop index IDX_temp_user_org_id - v1"
logger=migrator t=2026-04-27T14:16:22.398968902Z level=info msg="Migration successfully executed" id="drop index IDX_temp_user_org_id - v1" duration=241.99µs
logger=migrator t=2026-04-27T14:16:22.402718775Z level=info msg="Executing migration" id="drop index IDX_temp_user_code - v1"
logger=migrator t=2026-04-27T14:16:22.402968985Z level=info msg="Migration successfully executed" id="drop index IDX_temp_user_code - v1" duration=249.93µs
logger=migrator t=2026-04-27T14:16:22.406721018Z level=info msg="Executing migration" id="drop index IDX_temp_user_status - v1"
logger=migrator t=2026-04-27T14:16:22.406970308Z level=info msg="Migration successfully executed" id="drop index IDX_temp_user_status - v1" duration=247.81µs
logger=migrator t=2026-04-27T14:16:22.410733572Z level=info msg="Executing migration" id="Rename table temp_user to temp_user_tmp_qwerty - v1"
logger=migrator t=2026-04-27T14:16:22.41141169Z level=info msg="Migration successfully executed" id="Rename table temp_user to temp_user_tmp_qwerty - v1" duration=677.638µs
logger=migrator t=2026-04-27T14:16:22.415930322Z level=info msg="Executing migration" id="create temp_user v2"
logger=migrator t=2026-04-27T14:16:22.416199722Z level=info msg="Migration successfully executed" id="create temp_user v2" duration=269.31µs
logger=migrator t=2026-04-27T14:16:22.420750774Z level=info msg="Executing migration" id="create index IDX_temp_user_email - v2"
logger=migrator t=2026-04-27T14:16:22.421039314Z level=info msg="Migration successfully executed" id="create index IDX_temp_user_email - v2" duration=288.43µs
logger=migrator t=2026-04-27T14:16:22.424806037Z level=info msg="Executing migration" id="create index IDX_temp_user_org_id - v2"
logger=migrator t=2026-04-27T14:16:22.424995167Z level=info msg="Migration successfully executed" id="create index IDX_temp_user_org_id - v2" duration=190.56µs
logger=migrator t=2026-04-27T14:16:22.42882459Z level=info msg="Executing migration" id="create index IDX_temp_user_code - v2"
logger=migrator t=2026-04-27T14:16:22.42908465Z level=info msg="Migration successfully executed" id="create index IDX_temp_user_code - v2" duration=260.35µs
logger=migrator t=2026-04-27T14:16:22.433676422Z level=info msg="Executing migration" id="create index IDX_temp_user_status - v2"
logger=migrator t=2026-04-27T14:16:22.433965031Z level=info msg="Migration successfully executed" id="create index IDX_temp_user_status - v2" duration=288.679µs
logger=migrator t=2026-04-27T14:16:22.437832944Z level=info msg="Executing migration" id="copy temp_user v1 to v2"
logger=migrator t=2026-04-27T14:16:22.438033574Z level=info msg="Migration successfully executed" id="copy temp_user v1 to v2" duration=201.73µs
logger=migrator t=2026-04-27T14:16:22.441714118Z level=info msg="Executing migration" id="drop temp_user_tmp_qwerty"
logger=migrator t=2026-04-27T14:16:22.441968117Z level=info msg="Migration successfully executed" id="drop temp_user_tmp_qwerty" duration=253.869µs
logger=migrator t=2026-04-27T14:16:22.446437079Z level=info msg="Executing migration" id="Set created for temp users that will otherwise prematurely expire"
logger=migrator t=2026-04-27T14:16:22.446612299Z level=info msg="Migration successfully executed" id="Set created for temp users that will otherwise prematurely expire" duration=178.96µs
logger=migrator t=2026-04-27T14:16:22.450512902Z level=info msg="Executing migration" id="create star table"
logger=migrator t=2026-04-27T14:16:22.450775092Z level=info msg="Migration successfully executed" id="create star table" duration=265.14µs
logger=migrator t=2026-04-27T14:16:22.455208244Z level=info msg="Executing migration" id="add unique index star.user_id_dashboard_id"
logger=migrator t=2026-04-27T14:16:22.455488444Z level=info msg="Migration successfully executed" id="add unique index star.user_id_dashboard_id" duration=279.88µs
logger=migrator t=2026-04-27T14:16:22.460041366Z level=info msg="Executing migration" id="Add column dashboard_uid in star"
logger=migrator t=2026-04-27T14:16:22.460586645Z level=info msg="Migration successfully executed" id="Add column dashboard_uid in star" duration=545.199µs
logger=migrator t=2026-04-27T14:16:22.465244887Z level=info msg="Executing migration" id="Add column org_id in star"
logger=migrator t=2026-04-27T14:16:22.465794906Z level=info msg="Migration successfully executed" id="Add column org_id in star" duration=549.939µs
logger=migrator t=2026-04-27T14:16:22.470336338Z level=info msg="Executing migration" id="Add column updated in star"
logger=migrator t=2026-04-27T14:16:22.470818437Z level=info msg="Migration successfully executed" id="Add column updated in star" duration=482.209µs
logger=migrator t=2026-04-27T14:16:22.475338769Z level=info msg="Executing migration" id="add index in star table on dashboard_uid, org_id and user_id columns"
logger=migrator t=2026-04-27T14:16:22.475668109Z level=info msg="Migration successfully executed" id="add index in star table on dashboard_uid, org_id and user_id columns" duration=329.71µs
logger=migrator t=2026-04-27T14:16:22.480298931Z level=info msg="Executing migration" id="create org table v1"
logger=migrator t=2026-04-27T14:16:22.4806094Z level=info msg="Migration successfully executed" id="create org table v1" duration=312.189µs
logger=migrator t=2026-04-27T14:16:22.485942141Z level=info msg="Executing migration" id="create index UQE_org_name - v1"
logger=migrator t=2026-04-27T14:16:22.486182Z level=info msg="Migration successfully executed" id="create index UQE_org_name - v1" duration=241.159µs
logger=migrator t=2026-04-27T14:16:22.490821602Z level=info msg="Executing migration" id="create org_user table v1"
logger=migrator t=2026-04-27T14:16:22.491093542Z level=info msg="Migration successfully executed" id="create org_user table v1" duration=271.76µs
logger=migrator t=2026-04-27T14:16:22.495714014Z level=info msg="Executing migration" id="create index IDX_org_user_org_id - v1"
logger=migrator t=2026-04-27T14:16:22.495967873Z level=info msg="Migration successfully executed" id="create index IDX_org_user_org_id - v1" duration=253.639µs
logger=migrator t=2026-04-27T14:16:22.501473814Z level=info msg="Executing migration" id="create index UQE_org_user_org_id_user_id - v1"
logger=migrator t=2026-04-27T14:16:22.501822523Z level=info msg="Migration successfully executed" id="create index UQE_org_user_org_id_user_id - v1" duration=350.489µs
logger=migrator t=2026-04-27T14:16:22.506419865Z level=info msg="Executing migration" id="create index IDX_org_user_user_id - v1"
logger=migrator t=2026-04-27T14:16:22.506728825Z level=info msg="Migration successfully executed" id="create index IDX_org_user_user_id - v1" duration=308.66µs
logger=migrator t=2026-04-27T14:16:22.511305967Z level=info msg="Executing migration" id="Update org table charset"
logger=migrator t=2026-04-27T14:16:22.511332457Z level=info msg="Migration successfully executed" id="Update org table charset" duration=18.7µs
logger=migrator t=2026-04-27T14:16:22.515888239Z level=info msg="Executing migration" id="Update org_user table charset"
logger=migrator t=2026-04-27T14:16:22.515902729Z level=info msg="Migration successfully executed" id="Update org_user table charset" duration=14.85µs
logger=migrator t=2026-04-27T14:16:22.519616862Z level=info msg="Executing migration" id="Migrate all Read Only Viewers to Viewers"
logger=migrator t=2026-04-27T14:16:22.519697242Z level=info msg="Migration successfully executed" id="Migrate all Read Only Viewers to Viewers" duration=80.64µs
logger=migrator t=2026-04-27T14:16:22.523517445Z level=info msg="Executing migration" id="create dashboard table"
logger=migrator t=2026-04-27T14:16:22.523871635Z level=info msg="Migration successfully executed" id="create dashboard table" duration=353.43µs
logger=migrator t=2026-04-27T14:16:22.527725658Z level=info msg="Executing migration" id="add index dashboard.account_id"
logger=migrator t=2026-04-27T14:16:22.527937218Z level=info msg="Migration successfully executed" id="add index dashboard.account_id" duration=211.66µs
logger=migrator t=2026-04-27T14:16:22.531817321Z level=info msg="Executing migration" id="add unique index dashboard_account_id_slug"
logger=migrator t=2026-04-27T14:16:22.532082011Z level=info msg="Migration successfully executed" id="add unique index dashboard_account_id_slug" duration=264.56µs
logger=migrator t=2026-04-27T14:16:22.535833524Z level=info msg="Executing migration" id="create dashboard_tag table"
logger=migrator t=2026-04-27T14:16:22.536160934Z level=info msg="Migration successfully executed" id="create dashboard_tag table" duration=324.84µs
logger=migrator t=2026-04-27T14:16:22.540717646Z level=info msg="Executing migration" id="add unique index dashboard_tag.dasboard_id_term"
logger=migrator t=2026-04-27T14:16:22.540957745Z level=info msg="Migration successfully executed" id="add unique index dashboard_tag.dasboard_id_term" duration=241.869µs
logger=migrator t=2026-04-27T14:16:22.544814868Z level=info msg="Executing migration" id="drop index UQE_dashboard_tag_dashboard_id_term - v1"
logger=migrator t=2026-04-27T14:16:22.545058298Z level=info msg="Migration successfully executed" id="drop index UQE_dashboard_tag_dashboard_id_term - v1" duration=243.46µs
logger=migrator t=2026-04-27T14:16:22.54950761Z level=info msg="Executing migration" id="Rename table dashboard to dashboard_v1 - v1"
logger=migrator t=2026-04-27T14:16:22.550198779Z level=info msg="Migration successfully executed" id="Rename table dashboard to dashboard_v1 - v1" duration=689.219µs
logger=migrator t=2026-04-27T14:16:22.554729881Z level=info msg="Executing migration" id="create dashboard v2"
logger=migrator t=2026-04-27T14:16:22.555006951Z level=info msg="Migration successfully executed" id="create dashboard v2" duration=277.14µs
logger=migrator t=2026-04-27T14:16:22.559504363Z level=info msg="Executing migration" id="create index IDX_dashboard_org_id - v2"
logger=migrator t=2026-04-27T14:16:22.559787412Z level=info msg="Migration successfully executed" id="create index IDX_dashboard_org_id - v2" duration=282.749µs
logger=migrator t=2026-04-27T14:16:22.564309615Z level=info msg="Executing migration" id="create index UQE_dashboard_org_id_slug - v2"
logger=migrator t=2026-04-27T14:16:22.564595094Z level=info msg="Migration successfully executed" id="create index UQE_dashboard_org_id_slug - v2" duration=285.489µs
logger=migrator t=2026-04-27T14:16:22.569260226Z level=info msg="Executing migration" id="copy dashboard v1 to v2"
logger=migrator t=2026-04-27T14:16:22.569451516Z level=info msg="Migration successfully executed" id="copy dashboard v1 to v2" duration=191.35µs
logger=migrator t=2026-04-27T14:16:22.574006908Z level=info msg="Executing migration" id="drop table dashboard_v1"
logger=migrator t=2026-04-27T14:16:22.574313697Z level=info msg="Migration successfully executed" id="drop table dashboard_v1" duration=306.649µs
logger=migrator t=2026-04-27T14:16:22.578830249Z level=info msg="Executing migration" id="alter dashboard.data to mediumtext v1"
logger=migrator t=2026-04-27T14:16:22.578848439Z level=info msg="Migration successfully executed" id="alter dashboard.data to mediumtext v1" duration=18.73µs
logger=migrator t=2026-04-27T14:16:22.582733742Z level=info msg="Executing migration" id="Add column updated_by in dashboard - v2"
logger=migrator t=2026-04-27T14:16:22.583294912Z level=info msg="Migration successfully executed" id="Add column updated_by in dashboard - v2" duration=561.469µs
logger=migrator t=2026-04-27T14:16:22.587733674Z level=info msg="Executing migration" id="Add column created_by in dashboard - v2"
logger=migrator t=2026-04-27T14:16:22.588195693Z level=info msg="Migration successfully executed" id="Add column created_by in dashboard - v2" duration=461.789µs
logger=migrator t=2026-04-27T14:16:22.592714315Z level=info msg="Executing migration" id="Add column gnetId in dashboard"
logger=migrator t=2026-04-27T14:16:22.593172654Z level=info msg="Migration successfully executed" id="Add column gnetId in dashboard" duration=457.909µs
logger=migrator t=2026-04-27T14:16:22.597624897Z level=info msg="Executing migration" id="Add index for gnetId in dashboard"
logger=migrator t=2026-04-27T14:16:22.597969316Z level=info msg="Migration successfully executed" id="Add index for gnetId in dashboard" duration=346.739µs
logger=migrator t=2026-04-27T14:16:22.60170655Z level=info msg="Executing migration" id="Add column plugin_id in dashboard"
logger=migrator t=2026-04-27T14:16:22.602086059Z level=info msg="Migration successfully executed" id="Add column plugin_id in dashboard" duration=379.369µs
logger=migrator t=2026-04-27T14:16:22.605819222Z level=info msg="Executing migration" id="Add index for plugin_id in dashboard"
logger=migrator t=2026-04-27T14:16:22.606105802Z level=info msg="Migration successfully executed" id="Add index for plugin_id in dashboard" duration=286.33µs
logger=migrator t=2026-04-27T14:16:22.609800095Z level=info msg="Executing migration" id="Add index for dashboard_id in dashboard_tag"
logger=migrator t=2026-04-27T14:16:22.610042595Z level=info msg="Migration successfully executed" id="Add index for dashboard_id in dashboard_tag" duration=242.17µs
logger=migrator t=2026-04-27T14:16:22.613808408Z level=info msg="Executing migration" id="Update dashboard table charset"
logger=migrator t=2026-04-27T14:16:22.613826988Z level=info msg="Migration successfully executed" id="Update dashboard table charset" duration=18.89µs
logger=migrator t=2026-04-27T14:16:22.617607572Z level=info msg="Executing migration" id="Update dashboard_tag table charset"
logger=migrator t=2026-04-27T14:16:22.617627672Z level=info msg="Migration successfully executed" id="Update dashboard_tag table charset" duration=20.6µs
logger=migrator t=2026-04-27T14:16:22.621499655Z level=info msg="Executing migration" id="Add column folder_id in dashboard"
logger=migrator t=2026-04-27T14:16:22.622088654Z level=info msg="Migration successfully executed" id="Add column folder_id in dashboard" duration=589.329µs
logger=migrator t=2026-04-27T14:16:22.626615266Z level=info msg="Executing migration" id="Add column isFolder in dashboard"
logger=migrator t=2026-04-27T14:16:22.627099815Z level=info msg="Migration successfully executed" id="Add column isFolder in dashboard" duration=483.929µs
logger=migrator t=2026-04-27T14:16:22.630844689Z level=info msg="Executing migration" id="Add column has_acl in dashboard"
logger=migrator t=2026-04-27T14:16:22.631377748Z level=info msg="Migration successfully executed" id="Add column has_acl in dashboard" duration=532.829µs
logger=migrator t=2026-04-27T14:16:22.6359211Z level=info msg="Executing migration" id="Add column uid in dashboard"
logger=migrator t=2026-04-27T14:16:22.636407049Z level=info msg="Migration successfully executed" id="Add column uid in dashboard" duration=486.249µs
logger=migrator t=2026-04-27T14:16:22.640801282Z level=info msg="Executing migration" id="Update uid column values in dashboard"
logger=migrator t=2026-04-27T14:16:22.640897471Z level=info msg="Migration successfully executed" id="Update uid column values in dashboard" duration=96.239µs
logger=migrator t=2026-04-27T14:16:22.644618675Z level=info msg="Executing migration" id="Add unique index dashboard_org_id_uid"
logger=migrator t=2026-04-27T14:16:22.644946414Z level=info msg="Migration successfully executed" id="Add unique index dashboard_org_id_uid" duration=327.529µs
logger=migrator t=2026-04-27T14:16:22.648957787Z level=info msg="Executing migration" id="Remove unique index org_id_slug"
logger=migrator t=2026-04-27T14:16:22.649310477Z level=info msg="Migration successfully executed" id="Remove unique index org_id_slug" duration=348.32µs
logger=migrator t=2026-04-27T14:16:22.653852049Z level=info msg="Executing migration" id="Update dashboard title length"
logger=migrator t=2026-04-27T14:16:22.653882149Z level=info msg="Migration successfully executed" id="Update dashboard title length" duration=31.44µs
logger=migrator t=2026-04-27T14:16:22.657689962Z level=info msg="Executing migration" id="Add unique index for dashboard_org_id_title_folder_id"
logger=migrator t=2026-04-27T14:16:22.658115131Z level=info msg="Migration successfully executed" id="Add unique index for dashboard_org_id_title_folder_id" duration=426.599µs
logger=migrator t=2026-04-27T14:16:22.662628774Z level=info msg="Executing migration" id="create dashboard_provisioning"
logger=migrator t=2026-04-27T14:16:22.662906063Z level=info msg="Migration successfully executed" id="create dashboard_provisioning" duration=277.289µs
logger=migrator t=2026-04-27T14:16:22.668782033Z level=info msg="Executing migration" id="Rename table dashboard_provisioning to dashboard_provisioning_tmp_qwerty - v1"
logger=migrator t=2026-04-27T14:16:22.669910081Z level=info msg="Migration successfully executed" id="Rename table dashboard_provisioning to dashboard_provisioning_tmp_qwerty - v1" duration=1.128548ms
logger=migrator t=2026-04-27T14:16:22.674357063Z level=info msg="Executing migration" id="create dashboard_provisioning v2"
logger=migrator t=2026-04-27T14:16:22.674649403Z level=info msg="Migration successfully executed" id="create dashboard_provisioning v2" duration=285.97µs
logger=migrator t=2026-04-27T14:16:22.679221285Z level=info msg="Executing migration" id="create index IDX_dashboard_provisioning_dashboard_id - v2"
logger=migrator t=2026-04-27T14:16:22.679531704Z level=info msg="Migration successfully executed" id="create index IDX_dashboard_provisioning_dashboard_id - v2" duration=309.519µs
logger=migrator t=2026-04-27T14:16:22.685175534Z level=info msg="Executing migration" id="create index IDX_dashboard_provisioning_dashboard_id_name - v2"
logger=migrator t=2026-04-27T14:16:22.685592554Z level=info msg="Migration successfully executed" id="create index IDX_dashboard_provisioning_dashboard_id_name - v2" duration=418.05µs
logger=migrator t=2026-04-27T14:16:22.690225196Z level=info msg="Executing migration" id="copy dashboard_provisioning v1 to v2"
logger=migrator t=2026-04-27T14:16:22.690404505Z level=info msg="Migration successfully executed" id="copy dashboard_provisioning v1 to v2" duration=179.109µs
logger=migrator t=2026-04-27T14:16:22.694811478Z level=info msg="Executing migration" id="drop dashboard_provisioning_tmp_qwerty"
logger=migrator t=2026-04-27T14:16:22.695039297Z level=info msg="Migration successfully executed" id="drop dashboard_provisioning_tmp_qwerty" duration=227.689µs
logger=migrator t=2026-04-27T14:16:22.699575669Z level=info msg="Executing migration" id="Add check_sum column"
logger=migrator t=2026-04-27T14:16:22.700133508Z level=info msg="Migration successfully executed" id="Add check_sum column" duration=557.879µs
logger=migrator t=2026-04-27T14:16:22.713038696Z level=info msg="Executing migration" id="Add index for dashboard_title"
logger=migrator t=2026-04-27T14:16:22.713361185Z level=info msg="Migration successfully executed" id="Add index for dashboard_title" duration=322.809µs
logger=migrator t=2026-04-27T14:16:22.717852277Z level=info msg="Executing migration" id="delete tags for deleted dashboards"
logger=migrator t=2026-04-27T14:16:22.717930927Z level=info msg="Migration successfully executed" id="delete tags for deleted dashboards" duration=78.99µs
logger=migrator t=2026-04-27T14:16:22.721781001Z level=info msg="Executing migration" id="delete stars for deleted dashboards"
logger=migrator t=2026-04-27T14:16:22.72189002Z level=info msg="Migration successfully executed" id="delete stars for deleted dashboards" duration=117.489µs
logger=migrator t=2026-04-27T14:16:22.725727914Z level=info msg="Executing migration" id="Add index for dashboard_is_folder"
logger=migrator t=2026-04-27T14:16:22.726029403Z level=info msg="Migration successfully executed" id="Add index for dashboard_is_folder" duration=294.859µs
logger=migrator t=2026-04-27T14:16:22.729830667Z level=info msg="Executing migration" id="Add isPublic for dashboard"
logger=migrator t=2026-04-27T14:16:22.730518905Z level=info msg="Migration successfully executed" id="Add isPublic for dashboard" duration=687.988µs
logger=migrator t=2026-04-27T14:16:22.735049908Z level=info msg="Executing migration" id="Add deleted for dashboard"
logger=migrator t=2026-04-27T14:16:22.735530147Z level=info msg="Migration successfully executed" id="Add deleted for dashboard" duration=481.139µs
logger=migrator t=2026-04-27T14:16:22.739946729Z level=info msg="Executing migration" id="Add index for deleted"
logger=migrator t=2026-04-27T14:16:22.740224789Z level=info msg="Migration successfully executed" id="Add index for deleted" duration=278.09µs
logger=migrator t=2026-04-27T14:16:22.744817941Z level=info msg="Executing migration" id="Add column dashboard_uid in dashboard_tag"
logger=migrator t=2026-04-27T14:16:22.74536846Z level=info msg="Migration successfully executed" id="Add column dashboard_uid in dashboard_tag" duration=550.279µs
logger=migrator t=2026-04-27T14:16:22.749915362Z level=info msg="Executing migration" id="Add column org_id in dashboard_tag"
logger=migrator t=2026-04-27T14:16:22.750420151Z level=info msg="Migration successfully executed" id="Add column org_id in dashboard_tag" duration=505.269µs
logger=migrator t=2026-04-27T14:16:22.754827743Z level=info msg="Executing migration" id="Add missing dashboard_uid and org_id to dashboard_tag"
logger=migrator t=2026-04-27T14:16:22.754994063Z level=info msg="Migration successfully executed" id="Add missing dashboard_uid and org_id to dashboard_tag" duration=166.18µs
logger=migrator t=2026-04-27T14:16:22.759519125Z level=info msg="Executing migration" id="Add apiVersion for dashboard"
logger=migrator t=2026-04-27T14:16:22.760134824Z level=info msg="Migration successfully executed" id="Add apiVersion for dashboard" duration=615.719µs
logger=migrator t=2026-04-27T14:16:22.764638656Z level=info msg="Executing migration" id="Add index for dashboard_uid on dashboard_tag table"
logger=migrator t=2026-04-27T14:16:22.764935996Z level=info msg="Migration successfully executed" id="Add index for dashboard_uid on dashboard_tag table" duration=291.58µs
logger=migrator t=2026-04-27T14:16:22.768772899Z level=info msg="Executing migration" id="Add missing dashboard_uid and org_id to star"
logger=migrator t=2026-04-27T14:16:22.768957749Z level=info msg="Migration successfully executed" id="Add missing dashboard_uid and org_id to star" duration=184.94µs
logger=migrator t=2026-04-27T14:16:22.772861392Z level=info msg="Executing migration" id="create data_source table"
logger=migrator t=2026-04-27T14:16:22.773206311Z level=info msg="Migration successfully executed" id="create data_source table" duration=345.029µs
logger=migrator t=2026-04-27T14:16:22.777750263Z level=info msg="Executing migration" id="add index data_source.account_id"
logger=migrator t=2026-04-27T14:16:22.778144943Z level=info msg="Migration successfully executed" id="add index data_source.account_id" duration=395.34µs
logger=migrator t=2026-04-27T14:16:22.782769535Z level=info msg="Executing migration" id="add unique index data_source.account_id_name"
logger=migrator t=2026-04-27T14:16:22.783146724Z level=info msg="Migration successfully executed" id="add unique index data_source.account_id_name" duration=377.629µs
logger=migrator t=2026-04-27T14:16:22.787644266Z level=info msg="Executing migration" id="drop index IDX_data_source_account_id - v1"
logger=migrator t=2026-04-27T14:16:22.787942486Z level=info msg="Migration successfully executed" id="drop index IDX_data_source_account_id - v1" duration=308.14µs
logger=migrator t=2026-04-27T14:16:22.792853737Z level=info msg="Executing migration" id="drop index UQE_data_source_account_id_name - v1"
logger=migrator t=2026-04-27T14:16:22.793075917Z level=info msg="Migration successfully executed" id="drop index UQE_data_source_account_id_name - v1" duration=223.8µs
logger=migrator t=2026-04-27T14:16:22.79673381Z level=info msg="Executing migration" id="Rename table data_source to data_source_v1 - v1"
logger=migrator t=2026-04-27T14:16:22.797533089Z level=info msg="Migration successfully executed" id="Rename table data_source to data_source_v1 - v1" duration=799.629µs
logger=migrator t=2026-04-27T14:16:22.801931231Z level=info msg="Executing migration" id="create data_source table v2"
logger=migrator t=2026-04-27T14:16:22.802237321Z level=info msg="Migration successfully executed" id="create data_source table v2" duration=305.91µs
logger=migrator t=2026-04-27T14:16:22.80866763Z level=info msg="Executing migration" id="create index IDX_data_source_org_id - v2"
logger=migrator t=2026-04-27T14:16:22.808951199Z level=info msg="Migration successfully executed" id="create index IDX_data_source_org_id - v2" duration=284.719µs
logger=migrator t=2026-04-27T14:16:22.812987062Z level=info msg="Executing migration" id="create index UQE_data_source_org_id_name - v2"
logger=migrator t=2026-04-27T14:16:22.813293352Z level=info msg="Migration successfully executed" id="create index UQE_data_source_org_id_name - v2" duration=306.32µs
logger=migrator t=2026-04-27T14:16:22.817929704Z level=info msg="Executing migration" id="Drop old table data_source_v1 #2"
logger=migrator t=2026-04-27T14:16:22.818234613Z level=info msg="Migration successfully executed" id="Drop old table data_source_v1 #2" duration=304.219µs
logger=migrator t=2026-04-27T14:16:22.822757325Z level=info msg="Executing migration" id="Add column with_credentials"
logger=migrator t=2026-04-27T14:16:22.823369144Z level=info msg="Migration successfully executed" id="Add column with_credentials" duration=611.769µs
logger=migrator t=2026-04-27T14:16:22.827818526Z level=info msg="Executing migration" id="Add secure json data column"
logger=migrator t=2026-04-27T14:16:22.828407415Z level=info msg="Migration successfully executed" id="Add secure json data column" duration=589.039µs
logger=migrator t=2026-04-27T14:16:22.832799438Z level=info msg="Executing migration" id="Update data_source table charset"
logger=migrator t=2026-04-27T14:16:22.832817778Z level=info msg="Migration successfully executed" id="Update data_source table charset" duration=18.68µs
logger=migrator t=2026-04-27T14:16:22.836610781Z level=info msg="Executing migration" id="Update initial version to 1"
logger=migrator t=2026-04-27T14:16:22.836725551Z level=info msg="Migration successfully executed" id="Update initial version to 1" duration=114.82µs
logger=migrator t=2026-04-27T14:16:22.840507814Z level=info msg="Executing migration" id="Add read_only data column"
logger=migrator t=2026-04-27T14:16:22.841062683Z level=info msg="Migration successfully executed" id="Add read_only data column" duration=554.459µs
logger=migrator t=2026-04-27T14:16:22.844814247Z level=info msg="Executing migration" id="Migrate logging ds to loki ds"
logger=migrator t=2026-04-27T14:16:22.844971146Z level=info msg="Migration successfully executed" id="Migrate logging ds to loki ds" duration=156.439µs
logger=migrator t=2026-04-27T14:16:22.849631958Z level=info msg="Executing migration" id="Update json_data with nulls"
logger=migrator t=2026-04-27T14:16:22.849740208Z level=info msg="Migration successfully executed" id="Update json_data with nulls" duration=117.22µs
logger=migrator t=2026-04-27T14:16:22.853508512Z level=info msg="Executing migration" id="Add uid column"
logger=migrator t=2026-04-27T14:16:22.854103551Z level=info msg="Migration successfully executed" id="Add uid column" duration=594.679µs
logger=migrator t=2026-04-27T14:16:22.858723653Z level=info msg="Executing migration" id="Update uid value"
logger=migrator t=2026-04-27T14:16:22.858840072Z level=info msg="Migration successfully executed" id="Update uid value" duration=116.539µs
logger=migrator t=2026-04-27T14:16:22.862727076Z level=info msg="Executing migration" id="Add unique index datasource_org_id_uid"
logger=migrator t=2026-04-27T14:16:22.863065235Z level=info msg="Migration successfully executed" id="Add unique index datasource_org_id_uid" duration=331.119µs
logger=migrator t=2026-04-27T14:16:22.866823378Z level=info msg="Executing migration" id="add unique index datasource_org_id_is_default"
logger=migrator t=2026-04-27T14:16:22.867095318Z level=info msg="Migration successfully executed" id="add unique index datasource_org_id_is_default" duration=271.74µs
logger=migrator t=2026-04-27T14:16:22.87151633Z level=info msg="Executing migration" id="Add is_prunable column"
logger=migrator t=2026-04-27T14:16:22.872154099Z level=info msg="Migration successfully executed" id="Add is_prunable column" duration=637.489µs
logger=migrator t=2026-04-27T14:16:22.876617721Z level=info msg="Executing migration" id="Add api_version column"
logger=migrator t=2026-04-27T14:16:22.87717267Z level=info msg="Migration successfully executed" id="Add api_version column" duration=555.029µs
logger=migrator t=2026-04-27T14:16:22.881828312Z level=info msg="Executing migration" id="Update secure_json_data column to MediumText"
logger=migrator t=2026-04-27T14:16:22.881847352Z level=info msg="Migration successfully executed" id="Update secure_json_data column to MediumText" duration=19.64µs
logger=migrator t=2026-04-27T14:16:22.885827975Z level=info msg="Executing migration" id="Update json_data column to MediumText"
logger=migrator t=2026-04-27T14:16:22.885846725Z level=info msg="Migration successfully executed" id="Update json_data column to MediumText" duration=18.97µs
logger=migrator t=2026-04-27T14:16:22.889837118Z level=info msg="Executing migration" id="create api_key table"
logger=migrator t=2026-04-27T14:16:22.890202258Z level=info msg="Migration successfully executed" id="create api_key table" duration=365.85µs
logger=migrator t=2026-04-27T14:16:22.8948285Z level=info msg="Executing migration" id="add index api_key.account_id"
logger=migrator t=2026-04-27T14:16:22.895196259Z level=info msg="Migration successfully executed" id="add index api_key.account_id" duration=367.619µs
logger=migrator t=2026-04-27T14:16:22.899813921Z level=info msg="Executing migration" id="add index api_key.key"
logger=migrator t=2026-04-27T14:16:22.900063141Z level=info msg="Migration successfully executed" id="add index api_key.key" duration=249.1µs
logger=migrator t=2026-04-27T14:16:22.903832824Z level=info msg="Executing migration" id="add index api_key.account_id_name"
logger=migrator t=2026-04-27T14:16:22.904114424Z level=info msg="Migration successfully executed" id="add index api_key.account_id_name" duration=281.61µs
logger=migrator t=2026-04-27T14:16:22.907915577Z level=info msg="Executing migration" id="drop index IDX_api_key_account_id - v1"
logger=migrator t=2026-04-27T14:16:22.908177677Z level=info msg="Migration successfully executed" id="drop index IDX_api_key_account_id - v1" duration=262.1µs
logger=migrator t=2026-04-27T14:16:22.912622879Z level=info msg="Executing migration" id="drop index UQE_api_key_key - v1"
logger=migrator t=2026-04-27T14:16:22.912888598Z level=info msg="Migration successfully executed" id="drop index UQE_api_key_key - v1" duration=275.729µs
logger=migrator t=2026-04-27T14:16:22.916611932Z level=info msg="Executing migration" id="drop index UQE_api_key_account_id_name - v1"
logger=migrator t=2026-04-27T14:16:22.916861762Z level=info msg="Migration successfully executed" id="drop index UQE_api_key_account_id_name - v1" duration=249.91µs
logger=migrator t=2026-04-27T14:16:22.920635595Z level=info msg="Executing migration" id="Rename table api_key to api_key_v1 - v1"
logger=migrator t=2026-04-27T14:16:22.921523553Z level=info msg="Migration successfully executed" id="Rename table api_key to api_key_v1 - v1" duration=887.958µs
logger=migrator t=2026-04-27T14:16:22.926023806Z level=info msg="Executing migration" id="create api_key table v2"
logger=migrator t=2026-04-27T14:16:22.926255665Z level=info msg="Migration successfully executed" id="create api_key table v2" duration=231.879µs
logger=migrator t=2026-04-27T14:16:22.930825857Z level=info msg="Executing migration" id="create index IDX_api_key_org_id - v2"
logger=migrator t=2026-04-27T14:16:22.931072867Z level=info msg="Migration successfully executed" id="create index IDX_api_key_org_id - v2" duration=247µs
logger=migrator t=2026-04-27T14:16:22.93480295Z level=info msg="Executing migration" id="create index UQE_api_key_key - v2"
logger=migrator t=2026-04-27T14:16:22.93507106Z level=info msg="Migration successfully executed" id="create index UQE_api_key_key - v2" duration=267.98µs
logger=migrator t=2026-04-27T14:16:22.938800453Z level=info msg="Executing migration" id="create index UQE_api_key_org_id_name - v2"
logger=migrator t=2026-04-27T14:16:22.939042093Z level=info msg="Migration successfully executed" id="create index UQE_api_key_org_id_name - v2" duration=235.17µs
logger=migrator t=2026-04-27T14:16:22.942900706Z level=info msg="Executing migration" id="copy api_key v1 to v2"
logger=migrator t=2026-04-27T14:16:22.943022556Z level=info msg="Migration successfully executed" id="copy api_key v1 to v2" duration=121.89µs
logger=migrator t=2026-04-27T14:16:22.946720659Z level=info msg="Executing migration" id="Drop old table api_key_v1"
logger=migrator t=2026-04-27T14:16:22.946954449Z level=info msg="Migration successfully executed" id="Drop old table api_key_v1" duration=241.67µs
logger=migrator t=2026-04-27T14:16:22.950712752Z level=info msg="Executing migration" id="Update api_key table charset"
logger=migrator t=2026-04-27T14:16:22.950734332Z level=info msg="Migration successfully executed" id="Update api_key table charset" duration=21.95µs
logger=migrator t=2026-04-27T14:16:22.954606526Z level=info msg="Executing migration" id="Add expires to api_key table"
logger=migrator t=2026-04-27T14:16:22.955303115Z level=info msg="Migration successfully executed" id="Add expires to api_key table" duration=695.709µs
logger=migrator t=2026-04-27T14:16:22.959817287Z level=info msg="Executing migration" id="Add service account foreign key"
logger=migrator t=2026-04-27T14:16:22.960385576Z level=info msg="Migration successfully executed" id="Add service account foreign key" duration=568.169µs
logger=migrator t=2026-04-27T14:16:22.965034948Z level=info msg="Executing migration" id="set service account foreign key to nil if 0"
logger=migrator t=2026-04-27T14:16:22.965121368Z level=info msg="Migration successfully executed" id="set service account foreign key to nil if 0" duration=87.35µs
logger=migrator t=2026-04-27T14:16:22.96962128Z level=info msg="Executing migration" id="Add last_used_at to api_key table"
logger=migrator t=2026-04-27T14:16:22.970141259Z level=info msg="Migration successfully executed" id="Add last_used_at to api_key table" duration=520.129µs
logger=migrator t=2026-04-27T14:16:22.974612981Z level=info msg="Executing migration" id="Add is_revoked column to api_key table"
logger=migrator t=2026-04-27T14:16:22.97514892Z level=info msg="Migration successfully executed" id="Add is_revoked column to api_key table" duration=535.549µs
logger=migrator t=2026-04-27T14:16:22.978836494Z level=info msg="Executing migration" id="create dashboard_snapshot table v4"
logger=migrator t=2026-04-27T14:16:22.979068223Z level=info msg="Migration successfully executed" id="create dashboard_snapshot table v4" duration=231.689µs
logger=migrator t=2026-04-27T14:16:22.982847117Z level=info msg="Executing migration" id="drop table dashboard_snapshot_v4 #1"
logger=migrator t=2026-04-27T14:16:22.983085806Z level=info msg="Migration successfully executed" id="drop table dashboard_snapshot_v4 #1" duration=243.979µs
logger=migrator t=2026-04-27T14:16:22.98683307Z level=info msg="Executing migration" id="create dashboard_snapshot table v5 #2"
logger=migrator t=2026-04-27T14:16:22.987072989Z level=info msg="Migration successfully executed" id="create dashboard_snapshot table v5 #2" duration=239.879µs
logger=migrator t=2026-04-27T14:16:22.990933563Z level=info msg="Executing migration" id="create index UQE_dashboard_snapshot_key - v5"
logger=migrator t=2026-04-27T14:16:22.991124292Z level=info msg="Migration successfully executed" id="create index UQE_dashboard_snapshot_key - v5" duration=190.779µs
logger=migrator t=2026-04-27T14:16:22.995885304Z level=info msg="Executing migration" id="create index UQE_dashboard_snapshot_delete_key - v5"
logger=migrator t=2026-04-27T14:16:22.996266763Z level=info msg="Migration successfully executed" id="create index UQE_dashboard_snapshot_delete_key - v5" duration=379.849µs
logger=migrator t=2026-04-27T14:16:23.000793066Z level=info msg="Executing migration" id="create index IDX_dashboard_snapshot_user_id - v5"
logger=migrator t=2026-04-27T14:16:23.001009605Z level=info msg="Migration successfully executed" id="create index IDX_dashboard_snapshot_user_id - v5" duration=212.179µs
logger=migrator t=2026-04-27T14:16:23.004697349Z level=info msg="Executing migration" id="alter dashboard_snapshot to mediumtext v2"
logger=migrator t=2026-04-27T14:16:23.004709969Z level=info msg="Migration successfully executed" id="alter dashboard_snapshot to mediumtext v2" duration=12.95µs
logger=migrator t=2026-04-27T14:16:23.008517802Z level=info msg="Executing migration" id="Update dashboard_snapshot table charset"
logger=migrator t=2026-04-27T14:16:23.008536292Z level=info msg="Migration successfully executed" id="Update dashboard_snapshot table charset" duration=18.88µs
logger=migrator t=2026-04-27T14:16:23.013111924Z level=info msg="Executing migration" id="Add column external_delete_url to dashboard_snapshots table"
logger=migrator t=2026-04-27T14:16:23.013717653Z level=info msg="Migration successfully executed" id="Add column external_delete_url to dashboard_snapshots table" duration=605.499µs
logger=migrator t=2026-04-27T14:16:23.018230805Z level=info msg="Executing migration" id="Add encrypted dashboard json column"
logger=migrator t=2026-04-27T14:16:23.018847634Z level=info msg="Migration successfully executed" id="Add encrypted dashboard json column" duration=616.919µs
logger=migrator t=2026-04-27T14:16:23.023314846Z level=info msg="Executing migration" id="Change dashboard_encrypted column to MEDIUMBLOB"
logger=migrator t=2026-04-27T14:16:23.023331106Z level=info msg="Migration successfully executed" id="Change dashboard_encrypted column to MEDIUMBLOB" duration=16.89µs
logger=migrator t=2026-04-27T14:16:23.028031118Z level=info msg="Executing migration" id="create quota table v1"
logger=migrator t=2026-04-27T14:16:23.028257258Z level=info msg="Migration successfully executed" id="create quota table v1" duration=226.17µs
logger=migrator t=2026-04-27T14:16:23.03273315Z level=info msg="Executing migration" id="create index UQE_quota_org_id_user_id_target - v1"
logger=migrator t=2026-04-27T14:16:23.03298919Z level=info msg="Migration successfully executed" id="create index UQE_quota_org_id_user_id_target - v1" duration=256.1µs
logger=migrator t=2026-04-27T14:16:23.036715073Z level=info msg="Executing migration" id="Update quota table charset"
logger=migrator t=2026-04-27T14:16:23.036736603Z level=info msg="Migration successfully executed" id="Update quota table charset" duration=30.8µs
logger=migrator t=2026-04-27T14:16:23.040516136Z level=info msg="Executing migration" id="create plugin_setting table"
logger=migrator t=2026-04-27T14:16:23.040779916Z level=info msg="Migration successfully executed" id="create plugin_setting table" duration=263.82µs
logger=migrator t=2026-04-27T14:16:23.045529428Z level=info msg="Executing migration" id="create index UQE_plugin_setting_org_id_plugin_id - v1"
logger=migrator t=2026-04-27T14:16:23.045790397Z level=info msg="Migration successfully executed" id="create index UQE_plugin_setting_org_id_plugin_id - v1" duration=263.039µs
logger=migrator t=2026-04-27T14:16:23.050296309Z level=info msg="Executing migration" id="Add column plugin_version to plugin_settings"
logger=migrator t=2026-04-27T14:16:23.050910618Z level=info msg="Migration successfully executed" id="Add column plugin_version to plugin_settings" duration=613.579µs
logger=migrator t=2026-04-27T14:16:23.05542752Z level=info msg="Executing migration" id="Update plugin_setting table charset"
logger=migrator t=2026-04-27T14:16:23.05544845Z level=info msg="Migration successfully executed" id="Update plugin_setting table charset" duration=21.29µs
logger=migrator t=2026-04-27T14:16:23.060010162Z level=info msg="Executing migration" id="update NULL org_id to 1"
logger=migrator t=2026-04-27T14:16:23.060168642Z level=info msg="Migration successfully executed" id="update NULL org_id to 1" duration=158.63µs
logger=migrator t=2026-04-27T14:16:23.064600055Z level=info msg="Executing migration" id="make org_id NOT NULL and DEFAULT VALUE 1"
logger=migrator t=2026-04-27T14:16:23.066278362Z level=info msg="Migration successfully executed" id="make org_id NOT NULL and DEFAULT VALUE 1" duration=1.686897ms
logger=migrator t=2026-04-27T14:16:23.070823064Z level=info msg="Executing migration" id="create session table"
logger=migrator t=2026-04-27T14:16:23.071160173Z level=info msg="Migration successfully executed" id="create session table" duration=336.349µs
logger=migrator t=2026-04-27T14:16:23.075716805Z level=info msg="Executing migration" id="drop preferences table v2"
logger=migrator t=2026-04-27T14:16:23.075770165Z level=info msg="Migration successfully executed" id="drop preferences table v2" duration=53.9µs
logger=migrator t=2026-04-27T14:16:23.079522689Z level=info msg="Executing migration" id="drop preferences table v3"
logger=migrator t=2026-04-27T14:16:23.079578919Z level=info msg="Migration successfully executed" id="drop preferences table v3" duration=56.9µs
logger=migrator t=2026-04-27T14:16:23.084109021Z level=info msg="Executing migration" id="create preferences table v3"
logger=migrator t=2026-04-27T14:16:23.08434941Z level=info msg="Migration successfully executed" id="create preferences table v3" duration=240.169µs
logger=migrator t=2026-04-27T14:16:23.088901142Z level=info msg="Executing migration" id="Update preferences table charset"
logger=migrator t=2026-04-27T14:16:23.088916802Z level=info msg="Migration successfully executed" id="Update preferences table charset" duration=16.22µs
logger=migrator t=2026-04-27T14:16:23.092747406Z level=info msg="Executing migration" id="Add column team_id in preferences"
logger=migrator t=2026-04-27T14:16:23.093399244Z level=info msg="Migration successfully executed" id="Add column team_id in preferences" duration=651.578µs
logger=migrator t=2026-04-27T14:16:23.097809807Z level=info msg="Executing migration" id="Update team_id column values in preferences"
logger=migrator t=2026-04-27T14:16:23.097875427Z level=info msg="Migration successfully executed" id="Update team_id column values in preferences" duration=65.96µs
logger=migrator t=2026-04-27T14:16:23.1016139Z level=info msg="Executing migration" id="Add column week_start in preferences"
logger=migrator t=2026-04-27T14:16:23.102277919Z level=info msg="Migration successfully executed" id="Add column week_start in preferences" duration=663.849µs
logger=migrator t=2026-04-27T14:16:23.106747971Z level=info msg="Executing migration" id="Add column preferences.json_data"
logger=migrator t=2026-04-27T14:16:23.10718637Z level=info msg="Migration successfully executed" id="Add column preferences.json_data" duration=438.519µs
logger=migrator t=2026-04-27T14:16:23.111614973Z level=info msg="Executing migration" id="alter preferences.json_data to mediumtext v1"
logger=migrator t=2026-04-27T14:16:23.111630083Z level=info msg="Migration successfully executed" id="alter preferences.json_data to mediumtext v1" duration=15.85µs
logger=migrator t=2026-04-27T14:16:23.115514636Z level=info msg="Executing migration" id="Add preferences index org_id"
logger=migrator t=2026-04-27T14:16:23.115793045Z level=info msg="Migration successfully executed" id="Add preferences index org_id" duration=278.669µs
logger=migrator t=2026-04-27T14:16:23.120319128Z level=info msg="Executing migration" id="Add preferences index user_id"
logger=migrator t=2026-04-27T14:16:23.120572637Z level=info msg="Migration successfully executed" id="Add preferences index user_id" duration=245.229µs
logger=migrator t=2026-04-27T14:16:23.125101579Z level=info msg="Executing migration" id="Add home_dashboard_uid column to preferences table"
logger=migrator t=2026-04-27T14:16:23.125549339Z level=info msg="Migration successfully executed" id="Add home_dashboard_uid column to preferences table" duration=447.5µs
logger=migrator t=2026-04-27T14:16:23.130040741Z level=info msg="Executing migration" id="Add missing dashboard_uid to preferences table"
logger=migrator t=2026-04-27T14:16:23.130150221Z level=info msg="Migration successfully executed" id="Add missing dashboard_uid to preferences table" duration=110.35µs
logger=migrator t=2026-04-27T14:16:23.134648113Z level=info msg="Executing migration" id="create alert table v1"
logger=migrator t=2026-04-27T14:16:23.134901122Z level=info msg="Migration successfully executed" id="create alert table v1" duration=252.999µs
logger=migrator t=2026-04-27T14:16:23.138713866Z level=info msg="Executing migration" id="add index alert org_id & id "
logger=migrator t=2026-04-27T14:16:23.138975585Z level=info msg="Migration successfully executed" id="add index alert org_id & id " duration=261.599µs
logger=migrator t=2026-04-27T14:16:23.142812519Z level=info msg="Executing migration" id="add index alert state"
logger=migrator t=2026-04-27T14:16:23.143069518Z level=info msg="Migration successfully executed" id="add index alert state" duration=257.069µs
logger=migrator t=2026-04-27T14:16:23.146802282Z level=info msg="Executing migration" id="add index alert dashboard_id"
logger=migrator t=2026-04-27T14:16:23.147063241Z level=info msg="Migration successfully executed" id="add index alert dashboard_id" duration=260.819µs
logger=migrator t=2026-04-27T14:16:23.150927644Z level=info msg="Executing migration" id="Create alert_rule_tag table v1"
logger=migrator t=2026-04-27T14:16:23.151143684Z level=info msg="Migration successfully executed" id="Create alert_rule_tag table v1" duration=216.18µs
logger=migrator t=2026-04-27T14:16:23.155852116Z level=info msg="Executing migration" id="Add unique index alert_rule_tag.alert_id_tag_id"
logger=migrator t=2026-04-27T14:16:23.156143295Z level=info msg="Migration successfully executed" id="Add unique index alert_rule_tag.alert_id_tag_id" duration=298.039µs
logger=migrator t=2026-04-27T14:16:23.159927849Z level=info msg="Executing migration" id="drop index UQE_alert_rule_tag_alert_id_tag_id - v1"
logger=migrator t=2026-04-27T14:16:23.160209828Z level=info msg="Migration successfully executed" id="drop index UQE_alert_rule_tag_alert_id_tag_id - v1" duration=282.599µs
logger=migrator t=2026-04-27T14:16:23.164627561Z level=info msg="Executing migration" id="Rename table alert_rule_tag to alert_rule_tag_v1 - v1"
logger=migrator t=2026-04-27T14:16:23.166070088Z level=info msg="Migration successfully executed" id="Rename table alert_rule_tag to alert_rule_tag_v1 - v1" duration=1.441627ms
logger=migrator t=2026-04-27T14:16:23.171954438Z level=info msg="Executing migration" id="Create alert_rule_tag table v2"
logger=migrator t=2026-04-27T14:16:23.172181437Z level=info msg="Migration successfully executed" id="Create alert_rule_tag table v2" duration=227.969µs
logger=migrator t=2026-04-27T14:16:23.176834269Z level=info msg="Executing migration" id="create index UQE_alert_rule_tag_alert_id_tag_id - Add unique index alert_rule_tag.alert_id_tag_id V2"
logger=migrator t=2026-04-27T14:16:23.177106999Z level=info msg="Migration successfully executed" id="create index UQE_alert_rule_tag_alert_id_tag_id - Add unique index alert_rule_tag.alert_id_tag_id V2" duration=273.59µs
logger=migrator t=2026-04-27T14:16:23.183201958Z level=info msg="Executing migration" id="copy alert_rule_tag v1 to v2"
logger=migrator t=2026-04-27T14:16:23.183380068Z level=info msg="Migration successfully executed" id="copy alert_rule_tag v1 to v2" duration=189.43µs
logger=migrator t=2026-04-27T14:16:23.189290838Z level=info msg="Executing migration" id="drop table alert_rule_tag_v1"
logger=migrator t=2026-04-27T14:16:23.189558147Z level=info msg="Migration successfully executed" id="drop table alert_rule_tag_v1" duration=269.249µs
logger=migrator t=2026-04-27T14:16:23.19401581Z level=info msg="Executing migration" id="create alert_notification table v1"
logger=migrator t=2026-04-27T14:16:23.194285949Z level=info msg="Migration successfully executed" id="create alert_notification table v1" duration=269.899µs
logger=migrator t=2026-04-27T14:16:23.198794021Z level=info msg="Executing migration" id="Add column is_default"
logger=migrator t=2026-04-27T14:16:23.199891999Z level=info msg="Migration successfully executed" id="Add column is_default" duration=1.098078ms
logger=migrator t=2026-04-27T14:16:23.2049479Z level=info msg="Executing migration" id="Add column frequency"
logger=migrator t=2026-04-27T14:16:23.205591849Z level=info msg="Migration successfully executed" id="Add column frequency" duration=644.739µs
logger=migrator t=2026-04-27T14:16:23.210429951Z level=info msg="Executing migration" id="Add column send_reminder"
logger=migrator t=2026-04-27T14:16:23.21118481Z level=info msg="Migration successfully executed" id="Add column send_reminder" duration=756.809µs
logger=migrator t=2026-04-27T14:16:23.215615732Z level=info msg="Executing migration" id="Add column disable_resolve_message"
logger=migrator t=2026-04-27T14:16:23.216290301Z level=info msg="Migration successfully executed" id="Add column disable_resolve_message" duration=674.409µs
logger=migrator t=2026-04-27T14:16:23.220727403Z level=info msg="Executing migration" id="add index alert_notification org_id & name"
logger=migrator t=2026-04-27T14:16:23.221082362Z level=info msg="Migration successfully executed" id="add index alert_notification org_id & name" duration=355.109µs
logger=migrator t=2026-04-27T14:16:23.225682664Z level=info msg="Executing migration" id="Update alert table charset"
logger=migrator t=2026-04-27T14:16:23.225714284Z level=info msg="Migration successfully executed" id="Update alert table charset" duration=33.64µs
logger=migrator t=2026-04-27T14:16:23.229513588Z level=info msg="Executing migration" id="Update alert_notification table charset"
logger=migrator t=2026-04-27T14:16:23.229532188Z level=info msg="Migration successfully executed" id="Update alert_notification table charset" duration=19.01µs
logger=migrator t=2026-04-27T14:16:23.23400505Z level=info msg="Executing migration" id="create notification_journal table v1"
logger=migrator t=2026-04-27T14:16:23.234301989Z level=info msg="Migration successfully executed" id="create notification_journal table v1" duration=296.679µs
logger=migrator t=2026-04-27T14:16:23.239037441Z level=info msg="Executing migration" id="add index notification_journal org_id & alert_id & notifier_id"
logger=migrator t=2026-04-27T14:16:23.239349481Z level=info msg="Migration successfully executed" id="add index notification_journal org_id & alert_id & notifier_id" duration=312.07µs
logger=migrator t=2026-04-27T14:16:23.243922513Z level=info msg="Executing migration" id="drop alert_notification_journal"
logger=migrator t=2026-04-27T14:16:23.244267242Z level=info msg="Migration successfully executed" id="drop alert_notification_journal" duration=345.249µs
logger=migrator t=2026-04-27T14:16:23.248719364Z level=info msg="Executing migration" id="create alert_notification_state table v1"
logger=migrator t=2026-04-27T14:16:23.248951694Z level=info msg="Migration successfully executed" id="create alert_notification_state table v1" duration=232.29µs
logger=migrator t=2026-04-27T14:16:23.252840217Z level=info msg="Executing migration" id="add index alert_notification_state org_id & alert_id & notifier_id"
logger=migrator t=2026-04-27T14:16:23.253165107Z level=info msg="Migration successfully executed" id="add index alert_notification_state org_id & alert_id & notifier_id" duration=312.85µs
logger=migrator t=2026-04-27T14:16:23.257751149Z level=info msg="Executing migration" id="Add for to alert table"
logger=migrator t=2026-04-27T14:16:23.258415078Z level=info msg="Migration successfully executed" id="Add for to alert table" duration=663.809µs
logger=migrator t=2026-04-27T14:16:23.26295079Z level=info msg="Executing migration" id="Add column uid in alert_notification"
logger=migrator t=2026-04-27T14:16:23.263646468Z level=info msg="Migration successfully executed" id="Add column uid in alert_notification" duration=695.888µs
logger=migrator t=2026-04-27T14:16:23.268206981Z level=info msg="Executing migration" id="Update uid column values in alert_notification"
logger=migrator t=2026-04-27T14:16:23.26827802Z level=info msg="Migration successfully executed" id="Update uid column values in alert_notification" duration=71.259µs
logger=migrator t=2026-04-27T14:16:23.272710663Z level=info msg="Executing migration" id="Add unique index alert_notification_org_id_uid"
logger=migrator t=2026-04-27T14:16:23.273023292Z level=info msg="Migration successfully executed" id="Add unique index alert_notification_org_id_uid" duration=312.669µs
logger=migrator t=2026-04-27T14:16:23.276791376Z level=info msg="Executing migration" id="Remove unique index org_id_name"
logger=migrator t=2026-04-27T14:16:23.276991135Z level=info msg="Migration successfully executed" id="Remove unique index org_id_name" duration=193.979µs
logger=migrator t=2026-04-27T14:16:23.280711709Z level=info msg="Executing migration" id="Add column secure_settings in alert_notification"
logger=migrator t=2026-04-27T14:16:23.281317308Z level=info msg="Migration successfully executed" id="Add column secure_settings in alert_notification" duration=605.569µs
logger=migrator t=2026-04-27T14:16:23.28572851Z level=info msg="Executing migration" id="alter alert.settings to mediumtext"
logger=migrator t=2026-04-27T14:16:23.28574388Z level=info msg="Migration successfully executed" id="alter alert.settings to mediumtext" duration=15.78µs
logger=migrator t=2026-04-27T14:16:23.289598913Z level=info msg="Executing migration" id="Add non-unique index alert_notification_state_alert_id"
logger=migrator t=2026-04-27T14:16:23.289888103Z level=info msg="Migration successfully executed" id="Add non-unique index alert_notification_state_alert_id" duration=288.99µs
logger=migrator t=2026-04-27T14:16:23.293606516Z level=info msg="Executing migration" id="Add non-unique index alert_rule_tag_alert_id"
logger=migrator t=2026-04-27T14:16:23.293853506Z level=info msg="Migration successfully executed" id="Add non-unique index alert_rule_tag_alert_id" duration=246.69µs
logger=migrator t=2026-04-27T14:16:23.2975987Z level=info msg="Executing migration" id="Drop old annotation table v4"
logger=migrator t=2026-04-27T14:16:23.297648329Z level=info msg="Migration successfully executed" id="Drop old annotation table v4" duration=49.779µs
logger=migrator t=2026-04-27T14:16:23.301430973Z level=info msg="Executing migration" id="create annotation table v5"
logger=migrator t=2026-04-27T14:16:23.301678392Z level=info msg="Migration successfully executed" id="create annotation table v5" duration=247.229µs
logger=migrator t=2026-04-27T14:16:23.306206835Z level=info msg="Executing migration" id="add index annotation 0 v3"
logger=migrator t=2026-04-27T14:16:23.306495734Z level=info msg="Migration successfully executed" id="add index annotation 0 v3" duration=288.779µs
logger=migrator t=2026-04-27T14:16:23.311483275Z level=info msg="Executing migration" id="add index annotation 1 v3"
logger=migrator t=2026-04-27T14:16:23.311764235Z level=info msg="Migration successfully executed" id="add index annotation 1 v3" duration=280.58µs
logger=migrator t=2026-04-27T14:16:23.316635566Z level=info msg="Executing migration" id="add index annotation 2 v3"
logger=migrator t=2026-04-27T14:16:23.316906416Z level=info msg="Migration successfully executed" id="add index annotation 2 v3" duration=270.59µs
logger=migrator t=2026-04-27T14:16:23.320808619Z level=info msg="Executing migration" id="add index annotation 3 v3"
logger=migrator t=2026-04-27T14:16:23.321082719Z level=info msg="Migration successfully executed" id="add index annotation 3 v3" duration=273.82µs
logger=migrator t=2026-04-27T14:16:23.324817472Z level=info msg="Executing migration" id="add index annotation 4 v3"
logger=migrator t=2026-04-27T14:16:23.325101702Z level=info msg="Migration successfully executed" id="add index annotation 4 v3" duration=292.84µs
logger=migrator t=2026-04-27T14:16:23.329881753Z level=info msg="Executing migration" id="Update annotation table charset"
logger=migrator t=2026-04-27T14:16:23.329923383Z level=info msg="Migration successfully executed" id="Update annotation table charset" duration=42.68µs
logger=migrator t=2026-04-27T14:16:23.333829516Z level=info msg="Executing migration" id="Add column region_id to annotation table"
logger=migrator t=2026-04-27T14:16:23.334613595Z level=info msg="Migration successfully executed" id="Add column region_id to annotation table" duration=790.369µs
logger=migrator t=2026-04-27T14:16:23.339100167Z level=info msg="Executing migration" id="Drop category_id index"
logger=migrator t=2026-04-27T14:16:23.339397017Z level=info msg="Migration successfully executed" id="Drop category_id index" duration=296.52µs
logger=migrator t=2026-04-27T14:16:23.343802709Z level=info msg="Executing migration" id="Add column tags to annotation table"
logger=migrator t=2026-04-27T14:16:23.344474778Z level=info msg="Migration successfully executed" id="Add column tags to annotation table" duration=671.969µs
logger=migrator t=2026-04-27T14:16:23.34890684Z level=info msg="Executing migration" id="Create annotation_tag table v2"
logger=migrator t=2026-04-27T14:16:23.34913622Z level=info msg="Migration successfully executed" id="Create annotation_tag table v2" duration=229.17µs
logger=migrator t=2026-04-27T14:16:23.353840172Z level=info msg="Executing migration" id="Add unique index annotation_tag.annotation_id_tag_id"
logger=migrator t=2026-04-27T14:16:23.354131991Z level=info msg="Migration successfully executed" id="Add unique index annotation_tag.annotation_id_tag_id" duration=291.809µs
logger=migrator t=2026-04-27T14:16:23.359214082Z level=info msg="Executing migration" id="drop index UQE_annotation_tag_annotation_id_tag_id - v2"
logger=migrator t=2026-04-27T14:16:23.359528262Z level=info msg="Migration successfully executed" id="drop index UQE_annotation_tag_annotation_id_tag_id - v2" duration=314.33µs
logger=migrator t=2026-04-27T14:16:23.364001104Z level=info msg="Executing migration" id="Rename table annotation_tag to annotation_tag_v2 - v2"
logger=migrator t=2026-04-27T14:16:23.365461581Z level=info msg="Migration successfully executed" id="Rename table annotation_tag to annotation_tag_v2 - v2" duration=1.460357ms
logger=migrator t=2026-04-27T14:16:23.370087313Z level=info msg="Executing migration" id="Create annotation_tag table v3"
logger=migrator t=2026-04-27T14:16:23.370356403Z level=info msg="Migration successfully executed" id="Create annotation_tag table v3" duration=288.65µs
logger=migrator t=2026-04-27T14:16:23.374810155Z level=info msg="Executing migration" id="create index UQE_annotation_tag_annotation_id_tag_id - Add unique index annotation_tag.annotation_id_tag_id V3"
logger=migrator t=2026-04-27T14:16:23.375131355Z level=info msg="Migration successfully executed" id="create index UQE_annotation_tag_annotation_id_tag_id - Add unique index annotation_tag.annotation_id_tag_id V3" duration=321.4µs
logger=migrator t=2026-04-27T14:16:23.379718497Z level=info msg="Executing migration" id="copy annotation_tag v2 to v3"
logger=migrator t=2026-04-27T14:16:23.379872146Z level=info msg="Migration successfully executed" id="copy annotation_tag v2 to v3" duration=153.639µs
logger=migrator t=2026-04-27T14:16:23.38360239Z level=info msg="Executing migration" id="drop table annotation_tag_v2"
logger=migrator t=2026-04-27T14:16:23.383816169Z level=info msg="Migration successfully executed" id="drop table annotation_tag_v2" duration=213.469µs
logger=migrator t=2026-04-27T14:16:23.387499503Z level=info msg="Executing migration" id="Update alert annotations and set TEXT to empty"
logger=migrator t=2026-04-27T14:16:23.387576623Z level=info msg="Migration successfully executed" id="Update alert annotations and set TEXT to empty" duration=76.95µs
logger=migrator t=2026-04-27T14:16:23.392245135Z level=info msg="Executing migration" id="Add created time to annotation table"
logger=migrator t=2026-04-27T14:16:23.393027943Z level=info msg="Migration successfully executed" id="Add created time to annotation table" duration=782.318µs
logger=migrator t=2026-04-27T14:16:23.397738485Z level=info msg="Executing migration" id="Add updated time to annotation table"
logger=migrator t=2026-04-27T14:16:23.398444604Z level=info msg="Migration successfully executed" id="Add updated time to annotation table" duration=708.429µs
logger=migrator t=2026-04-27T14:16:23.402924656Z level=info msg="Executing migration" id="Add index for created in annotation table"
logger=migrator t=2026-04-27T14:16:23.403216526Z level=info msg="Migration successfully executed" id="Add index for created in annotation table" duration=301.77µs
logger=migrator t=2026-04-27T14:16:23.407703698Z level=info msg="Executing migration" id="Add index for updated in annotation table"
logger=migrator t=2026-04-27T14:16:23.407973947Z level=info msg="Migration successfully executed" id="Add index for updated in annotation table" duration=270.249µs
logger=migrator t=2026-04-27T14:16:23.41201428Z level=info msg="Executing migration" id="Convert existing annotations from seconds to milliseconds"
logger=migrator t=2026-04-27T14:16:23.41209798Z level=info msg="Migration successfully executed" id="Convert existing annotations from seconds to milliseconds" duration=84.32µs
logger=migrator t=2026-04-27T14:16:23.416700642Z level=info msg="Executing migration" id="Add epoch_end column"
logger=migrator t=2026-04-27T14:16:23.417400281Z level=info msg="Migration successfully executed" id="Add epoch_end column" duration=699.529µs
logger=migrator t=2026-04-27T14:16:23.421895423Z level=info msg="Executing migration" id="Add index for epoch_end"
logger=migrator t=2026-04-27T14:16:23.422182973Z level=info msg="Migration successfully executed" id="Add index for epoch_end" duration=287.37µs
logger=migrator t=2026-04-27T14:16:23.426709775Z level=info msg="Executing migration" id="Make epoch_end the same as epoch"
logger=migrator t=2026-04-27T14:16:23.426787675Z level=info msg="Migration successfully executed" id="Make epoch_end the same as epoch" duration=76.72µs
logger=migrator t=2026-04-27T14:16:23.430590058Z level=info msg="Executing migration" id="Move region to single row"
logger=migrator t=2026-04-27T14:16:23.430722908Z level=info msg="Migration successfully executed" id="Move region to single row" duration=124.55µs
logger=migrator t=2026-04-27T14:16:23.434501551Z level=info msg="Executing migration" id="Remove index org_id_epoch from annotation table"
logger=migrator t=2026-04-27T14:16:23.434786161Z level=info msg="Migration successfully executed" id="Remove index org_id_epoch from annotation table" duration=277.09µs
logger=migrator t=2026-04-27T14:16:23.438502255Z level=info msg="Executing migration" id="Remove index org_id_dashboard_id_panel_id_epoch from annotation table"
logger=migrator t=2026-04-27T14:16:23.438783064Z level=info msg="Migration successfully executed" id="Remove index org_id_dashboard_id_panel_id_epoch from annotation table" duration=281.069µs
logger=migrator t=2026-04-27T14:16:23.442509977Z level=info msg="Executing migration" id="Add index for org_id_dashboard_id_epoch_end_epoch on annotation table"
logger=migrator t=2026-04-27T14:16:23.442797607Z level=info msg="Migration successfully executed" id="Add index for org_id_dashboard_id_epoch_end_epoch on annotation table" duration=287.539µs
logger=migrator t=2026-04-27T14:16:23.447316589Z level=info msg="Executing migration" id="Add index for org_id_epoch_end_epoch on annotation table"
logger=migrator t=2026-04-27T14:16:23.447579949Z level=info msg="Migration successfully executed" id="Add index for org_id_epoch_end_epoch on annotation table" duration=263.36µs
logger=migrator t=2026-04-27T14:16:23.451999231Z level=info msg="Executing migration" id="Remove index org_id_epoch_epoch_end from annotation table"
logger=migrator t=2026-04-27T14:16:23.452290081Z level=info msg="Migration successfully executed" id="Remove index org_id_epoch_epoch_end from annotation table" duration=290.13µs
logger=migrator t=2026-04-27T14:16:23.456937342Z level=info msg="Executing migration" id="Add index for alert_id on annotation table"
logger=migrator t=2026-04-27T14:16:23.457214262Z level=info msg="Migration successfully executed" id="Add index for alert_id on annotation table" duration=269.05µs
logger=migrator t=2026-04-27T14:16:23.461704654Z level=info msg="Executing migration" id="Increase tags column to length 4096"
logger=migrator t=2026-04-27T14:16:23.461719894Z level=info msg="Migration successfully executed" id="Increase tags column to length 4096" duration=15.62µs
logger=migrator t=2026-04-27T14:16:23.465594117Z level=info msg="Executing migration" id="Increase prev_state column to length 40 not null"
logger=migrator t=2026-04-27T14:16:23.465608947Z level=info msg="Migration successfully executed" id="Increase prev_state column to length 40 not null" duration=15.33µs
logger=migrator t=2026-04-27T14:16:23.469395341Z level=info msg="Executing migration" id="Increase new_state column to length 40 not null"
logger=migrator t=2026-04-27T14:16:23.469418481Z level=info msg="Migration successfully executed" id="Increase new_state column to length 40 not null" duration=23.26µs
logger=migrator t=2026-04-27T14:16:23.474016353Z level=info msg="Executing migration" id="Add dashboard_uid column to annotation table"
logger=migrator t=2026-04-27T14:16:23.474728541Z level=info msg="Migration successfully executed" id="Add dashboard_uid column to annotation table" duration=702.048µs
logger=migrator t=2026-04-27T14:16:23.479314353Z level=info msg="Executing migration" id="Add missing dashboard_uid to annotation table"
logger=migrator t=2026-04-27T14:16:23.479353903Z level=info msg="Starting batched dashboard_uid migration for annotations (newest first)" batchSize=5000
logger=migrator t=2026-04-27T14:16:23.479634233Z level=info msg="Completed dashboard_uid migration for annotations" totalUpdated=0
logger=migrator t=2026-04-27T14:16:23.479666193Z level=info msg="Migration successfully executed" id="Add missing dashboard_uid to annotation table" duration=351.9µs
logger=migrator t=2026-04-27T14:16:23.483616456Z level=info msg="Executing migration" id="create test_data table"
logger=migrator t=2026-04-27T14:16:23.483895975Z level=info msg="Migration successfully executed" id="create test_data table" duration=283.119µs
logger=migrator t=2026-04-27T14:16:23.487845239Z level=info msg="Executing migration" id="create dashboard_version table v1"
logger=migrator t=2026-04-27T14:16:23.488112948Z level=info msg="Migration successfully executed" id="create dashboard_version table v1" duration=267.859µs
logger=migrator t=2026-04-27T14:16:23.49260474Z level=info msg="Executing migration" id="add index dashboard_version.dashboard_id"
logger=migrator t=2026-04-27T14:16:23.49291032Z level=info msg="Migration successfully executed" id="add index dashboard_version.dashboard_id" duration=305.62µs
logger=migrator t=2026-04-27T14:16:23.496614843Z level=info msg="Executing migration" id="add unique index dashboard_version.dashboard_id and dashboard_version.version"
logger=migrator t=2026-04-27T14:16:23.496925913Z level=info msg="Migration successfully executed" id="add unique index dashboard_version.dashboard_id and dashboard_version.version" duration=310.93µs
logger=migrator t=2026-04-27T14:16:23.500711926Z level=info msg="Executing migration" id="Set dashboard version to 1 where 0"
logger=migrator t=2026-04-27T14:16:23.500786556Z level=info msg="Migration successfully executed" id="Set dashboard version to 1 where 0" duration=75.01µs
logger=migrator t=2026-04-27T14:16:23.50451843Z level=info msg="Executing migration" id="save existing dashboard data in dashboard_version table v1"
logger=migrator t=2026-04-27T14:16:23.504711789Z level=info msg="Migration successfully executed" id="save existing dashboard data in dashboard_version table v1" duration=193.039µs
logger=migrator t=2026-04-27T14:16:23.509193861Z level=info msg="Executing migration" id="alter dashboard_version.data to mediumtext v1"
logger=migrator t=2026-04-27T14:16:23.509208991Z level=info msg="Migration successfully executed" id="alter dashboard_version.data to mediumtext v1" duration=15.32µs
logger=migrator t=2026-04-27T14:16:23.513710674Z level=info msg="Executing migration" id="Add apiVersion for dashboard_version"
logger=migrator t=2026-04-27T14:16:23.514413892Z level=info msg="Migration successfully executed" id="Add apiVersion for dashboard_version" duration=703.178µs
logger=migrator t=2026-04-27T14:16:23.518810355Z level=info msg="Executing migration" id="create team table"
logger=migrator t=2026-04-27T14:16:23.519075954Z level=info msg="Migration successfully executed" id="create team table" duration=265.369µs
logger=migrator t=2026-04-27T14:16:23.522890408Z level=info msg="Executing migration" id="add index team.org_id"
logger=migrator t=2026-04-27T14:16:23.523096257Z level=info msg="Migration successfully executed" id="add index team.org_id" duration=203.909µs
logger=migrator t=2026-04-27T14:16:23.526886531Z level=info msg="Executing migration" id="add unique index team_org_id_name"
logger=migrator t=2026-04-27T14:16:23.52708363Z level=info msg="Migration successfully executed" id="add unique index team_org_id_name" duration=197.149µs
logger=migrator t=2026-04-27T14:16:23.530734144Z level=info msg="Executing migration" id="Add column uid in team"
logger=migrator t=2026-04-27T14:16:23.531423663Z level=info msg="Migration successfully executed" id="Add column uid in team" duration=697.899µs
logger=migrator t=2026-04-27T14:16:23.535898605Z level=info msg="Executing migration" id="Update uid column values in team"
logger=migrator t=2026-04-27T14:16:23.535979215Z level=info msg="Migration successfully executed" id="Update uid column values in team" duration=74.05µs
logger=migrator t=2026-04-27T14:16:23.539795328Z level=info msg="Executing migration" id="Add unique index team_org_id_uid"
logger=migrator t=2026-04-27T14:16:23.540003908Z level=info msg="Migration successfully executed" id="Add unique index team_org_id_uid" duration=208.61µs
logger=migrator t=2026-04-27T14:16:23.543810701Z level=info msg="Executing migration" id="Add column external_uid in team"
logger=migrator t=2026-04-27T14:16:23.54435488Z level=info msg="Migration successfully executed" id="Add column external_uid in team" duration=544.029µs
logger=migrator t=2026-04-27T14:16:23.549203742Z level=info msg="Executing migration" id="Add column is_provisioned in team"
logger=migrator t=2026-04-27T14:16:23.550007461Z level=info msg="Migration successfully executed" id="Add column is_provisioned in team" duration=803.119µs
logger=migrator t=2026-04-27T14:16:23.554527553Z level=info msg="Executing migration" id="create team member table"
logger=migrator t=2026-04-27T14:16:23.554802582Z level=info msg="Migration successfully executed" id="create team member table" duration=272.069µs
logger=migrator t=2026-04-27T14:16:23.559340014Z level=info msg="Executing migration" id="add index team_member.org_id"
logger=migrator t=2026-04-27T14:16:23.559693414Z level=info msg="Migration successfully executed" id="add index team_member.org_id" duration=354.27µs
logger=migrator t=2026-04-27T14:16:23.564229366Z level=info msg="Executing migration" id="add unique index team_member_org_id_team_id_user_id"
logger=migrator t=2026-04-27T14:16:23.564539665Z level=info msg="Migration successfully executed" id="add unique index team_member_org_id_team_id_user_id" duration=310.539µs
logger=migrator t=2026-04-27T14:16:23.569099267Z level=info msg="Executing migration" id="add index team_member.team_id"
logger=migrator t=2026-04-27T14:16:23.569372887Z level=info msg="Migration successfully executed" id="add index team_member.team_id" duration=273.48µs
logger=migrator t=2026-04-27T14:16:23.574038059Z level=info msg="Executing migration" id="Add column email to team table"
logger=migrator t=2026-04-27T14:16:23.574836657Z level=info msg="Migration successfully executed" id="Add column email to team table" duration=800.858µs
logger=migrator t=2026-04-27T14:16:23.579308349Z level=info msg="Executing migration" id="Add column external to team_member table"
logger=migrator t=2026-04-27T14:16:23.580000738Z level=info msg="Migration successfully executed" id="Add column external to team_member table" duration=692.068µs
logger=migrator t=2026-04-27T14:16:23.58452654Z level=info msg="Executing migration" id="Add column permission to team_member table"
logger=migrator t=2026-04-27T14:16:23.585239479Z level=info msg="Migration successfully executed" id="Add column permission to team_member table" duration=712.729µs
logger=migrator t=2026-04-27T14:16:23.589618202Z level=info msg="Executing migration" id="add unique index team_member_user_id_org_id"
logger=migrator t=2026-04-27T14:16:23.589885911Z level=info msg="Migration successfully executed" id="add unique index team_member_user_id_org_id" duration=267.779µs
logger=migrator t=2026-04-27T14:16:23.593771424Z level=info msg="Executing migration" id="Add column uid in team_member"
logger=migrator t=2026-04-27T14:16:23.594560673Z level=info msg="Migration successfully executed" id="Add column uid in team_member" duration=789.238µs
logger=migrator t=2026-04-27T14:16:23.599030195Z level=info msg="Executing migration" id="Update uid column values in team_member"
logger=migrator t=2026-04-27T14:16:23.599109175Z level=info msg="Migration successfully executed" id="Update uid column values in team_member" duration=88.39µs
logger=migrator t=2026-04-27T14:16:23.603617757Z level=info msg="Executing migration" id="Add unique index team_member_uid"
logger=migrator t=2026-04-27T14:16:23.603929707Z level=info msg="Migration successfully executed" id="Add unique index team_member_uid" duration=321.15µs
logger=migrator t=2026-04-27T14:16:23.60774757Z level=info msg="Executing migration" id="create dashboard acl table"
logger=migrator t=2026-04-27T14:16:23.60806571Z level=info msg="Migration successfully executed" id="create dashboard acl table" duration=318.47µs
logger=migrator t=2026-04-27T14:16:23.611797583Z level=info msg="Executing migration" id="add index dashboard_acl_dashboard_id"
logger=migrator t=2026-04-27T14:16:23.612119052Z level=info msg="Migration successfully executed" id="add index dashboard_acl_dashboard_id" duration=321.339µs
logger=migrator t=2026-04-27T14:16:23.615818536Z level=info msg="Executing migration" id="add unique index dashboard_acl_dashboard_id_user_id"
logger=migrator t=2026-04-27T14:16:23.616088346Z level=info msg="Migration successfully executed" id="add unique index dashboard_acl_dashboard_id_user_id" duration=269.61µs
logger=migrator t=2026-04-27T14:16:23.619806169Z level=info msg="Executing migration" id="add unique index dashboard_acl_dashboard_id_team_id"
logger=migrator t=2026-04-27T14:16:23.620124329Z level=info msg="Migration successfully executed" id="add unique index dashboard_acl_dashboard_id_team_id" duration=325.75µs
logger=migrator t=2026-04-27T14:16:23.624763421Z level=info msg="Executing migration" id="add index dashboard_acl_user_id"
logger=migrator t=2026-04-27T14:16:23.62506133Z level=info msg="Migration successfully executed" id="add index dashboard_acl_user_id" duration=297.779µs
logger=migrator t=2026-04-27T14:16:23.628808653Z level=info msg="Executing migration" id="add index dashboard_acl_team_id"
logger=migrator t=2026-04-27T14:16:23.629068993Z level=info msg="Migration successfully executed" id="add index dashboard_acl_team_id" duration=260.39µs
logger=migrator t=2026-04-27T14:16:23.632909916Z level=info msg="Executing migration" id="add index dashboard_acl_org_id_role"
logger=migrator t=2026-04-27T14:16:23.633191686Z level=info msg="Migration successfully executed" id="add index dashboard_acl_org_id_role" duration=281.76µs
logger=migrator t=2026-04-27T14:16:23.637709498Z level=info msg="Executing migration" id="add index dashboard_permission"
logger=migrator t=2026-04-27T14:16:23.638071017Z level=info msg="Migration successfully executed" id="add index dashboard_permission" duration=361.559µs
logger=migrator t=2026-04-27T14:16:23.642642589Z level=info msg="Executing migration" id="save default acl rules in dashboard_acl table"
logger=migrator t=2026-04-27T14:16:23.643004979Z level=info msg="Migration successfully executed" id="save default acl rules in dashboard_acl table" duration=363.37µs
logger=migrator t=2026-04-27T14:16:23.646942212Z level=info msg="Executing migration" id="delete acl rules for deleted dashboards and folders"
logger=migrator t=2026-04-27T14:16:23.647043202Z level=info msg="Migration successfully executed" id="delete acl rules for deleted dashboards and folders" duration=101.58µs
logger=migrator t=2026-04-27T14:16:23.651612534Z level=info msg="Executing migration" id="create tag table"
logger=migrator t=2026-04-27T14:16:23.651891623Z level=info msg="Migration successfully executed" id="create tag table" duration=278.869µs
logger=migrator t=2026-04-27T14:16:23.655587717Z level=info msg="Executing migration" id="add index tag.key_value"
logger=migrator t=2026-04-27T14:16:23.655837676Z level=info msg="Migration successfully executed" id="add index tag.key_value" duration=243.999µs
logger=migrator t=2026-04-27T14:16:23.65953105Z level=info msg="Executing migration" id="create login attempt table"
logger=migrator t=2026-04-27T14:16:23.659829049Z level=info msg="Migration successfully executed" id="create login attempt table" duration=297.809µs
logger=migrator t=2026-04-27T14:16:23.664318332Z level=info msg="Executing migration" id="add index login_attempt.username"
logger=migrator t=2026-04-27T14:16:23.664580961Z level=info msg="Migration successfully executed" id="add index login_attempt.username" duration=271.749µs
logger=migrator t=2026-04-27T14:16:23.669120693Z level=info msg="Executing migration" id="drop index IDX_login_attempt_username - v1"
logger=migrator t=2026-04-27T14:16:23.669406603Z level=info msg="Migration successfully executed" id="drop index IDX_login_attempt_username - v1" duration=290.83µs
logger=migrator t=2026-04-27T14:16:23.673801585Z level=info msg="Executing migration" id="Rename table login_attempt to login_attempt_tmp_qwerty - v1"
logger=migrator t=2026-04-27T14:16:23.675403572Z level=info msg="Migration successfully executed" id="Rename table login_attempt to login_attempt_tmp_qwerty - v1" duration=1.602217ms
logger=migrator t=2026-04-27T14:16:23.679914485Z level=info msg="Executing migration" id="create login_attempt v2"
logger=migrator t=2026-04-27T14:16:23.680195464Z level=info msg="Migration successfully executed" id="create login_attempt v2" duration=281.189µs
logger=migrator t=2026-04-27T14:16:23.684625466Z level=info msg="Executing migration" id="create index IDX_login_attempt_username - v2"
logger=migrator t=2026-04-27T14:16:23.684922356Z level=info msg="Migration successfully executed" id="create index IDX_login_attempt_username - v2" duration=296.93µs
logger=migrator t=2026-04-27T14:16:23.688811019Z level=info msg="Executing migration" id="copy login_attempt v1 to v2"
logger=migrator t=2026-04-27T14:16:23.688958189Z level=info msg="Migration successfully executed" id="copy login_attempt v1 to v2" duration=147.33µs
logger=migrator t=2026-04-27T14:16:23.692695342Z level=info msg="Executing migration" id="drop login_attempt_tmp_qwerty"
logger=migrator t=2026-04-27T14:16:23.692886052Z level=info msg="Migration successfully executed" id="drop login_attempt_tmp_qwerty" duration=190.7µs
logger=migrator t=2026-04-27T14:16:23.696601016Z level=info msg="Executing migration" id="increase login_attempt.ip_address column length for IPv6 support"
logger=migrator t=2026-04-27T14:16:23.696641526Z level=info msg="Migration successfully executed" id="increase login_attempt.ip_address column length for IPv6 support" duration=40.57µs
logger=migrator t=2026-04-27T14:16:23.700518929Z level=info msg="Executing migration" id="alter table login_attempt alter column created type to bigint"
logger=migrator t=2026-04-27T14:16:23.700536369Z level=info msg="Migration successfully executed" id="alter table login_attempt alter column created type to bigint" duration=17.87µs
logger=migrator t=2026-04-27T14:16:23.705085541Z level=info msg="Executing migration" id="create user auth table"
logger=migrator t=2026-04-27T14:16:23.705268781Z level=info msg="Migration successfully executed" id="create user auth table" duration=183.25µs
logger=migrator t=2026-04-27T14:16:23.709616093Z level=info msg="Executing migration" id="create index IDX_user_auth_auth_module_auth_id - v1"
logger=migrator t=2026-04-27T14:16:23.709993472Z level=info msg="Migration successfully executed" id="create index IDX_user_auth_auth_module_auth_id - v1" duration=377.109µs
logger=migrator t=2026-04-27T14:16:23.713701796Z level=info msg="Executing migration" id="alter user_auth.auth_id to length 190"
logger=migrator t=2026-04-27T14:16:23.713717986Z level=info msg="Migration successfully executed" id="alter user_auth.auth_id to length 190" duration=16.46µs
logger=migrator t=2026-04-27T14:16:23.717511709Z level=info msg="Executing migration" id="Add OAuth access token to user_auth"
logger=migrator t=2026-04-27T14:16:23.718208698Z level=info msg="Migration successfully executed" id="Add OAuth access token to user_auth" duration=697.029µs
logger=migrator t=2026-04-27T14:16:23.72261949Z level=info msg="Executing migration" id="Add OAuth refresh token to user_auth"
logger=migrator t=2026-04-27T14:16:23.723429769Z level=info msg="Migration successfully executed" id="Add OAuth refresh token to user_auth" duration=809.909µs
logger=migrator t=2026-04-27T14:16:23.727909061Z level=info msg="Executing migration" id="Add OAuth token type to user_auth"
logger=migrator t=2026-04-27T14:16:23.72863772Z level=info msg="Migration successfully executed" id="Add OAuth token type to user_auth" duration=737.119µs
logger=migrator t=2026-04-27T14:16:23.733083722Z level=info msg="Executing migration" id="Add OAuth expiry to user_auth"
logger=migrator t=2026-04-27T14:16:23.733894941Z level=info msg="Migration successfully executed" id="Add OAuth expiry to user_auth" duration=810.779µs
logger=migrator t=2026-04-27T14:16:23.738308763Z level=info msg="Executing migration" id="Add index to user_id column in user_auth"
logger=migrator t=2026-04-27T14:16:23.738624863Z level=info msg="Migration successfully executed" id="Add index to user_id column in user_auth" duration=315.94µs
logger=migrator t=2026-04-27T14:16:23.743219595Z level=info msg="Executing migration" id="Add OAuth ID token to user_auth"
logger=migrator t=2026-04-27T14:16:23.744025573Z level=info msg="Migration successfully executed" id="Add OAuth ID token to user_auth" duration=806.258µs
logger=migrator t=2026-04-27T14:16:23.748410655Z level=info msg="Executing migration" id="Add user_unique_id to user_auth"
logger=migrator t=2026-04-27T14:16:23.749206354Z level=info msg="Migration successfully executed" id="Add user_unique_id to user_auth" duration=787.449µs
logger=migrator t=2026-04-27T14:16:23.753597366Z level=info msg="Executing migration" id="Add user_uid to user_auth"
logger=migrator t=2026-04-27T14:16:23.754351145Z level=info msg="Migration successfully executed" id="Add user_uid to user_auth" duration=753.519µs
logger=migrator t=2026-04-27T14:16:23.758815247Z level=info msg="Executing migration" id="Populate user_uid in user_auth from user table"
logger=migrator t=2026-04-27T14:16:23.758929437Z level=info msg="Migration successfully executed" id="Populate user_uid in user_auth from user table" duration=114.94µs
logger=migrator t=2026-04-27T14:16:23.763540719Z level=info msg="Executing migration" id="create server_lock table"
logger=migrator t=2026-04-27T14:16:23.763864989Z level=info msg="Migration successfully executed" id="create server_lock table" duration=324.35µs
logger=migrator t=2026-04-27T14:16:23.767811182Z level=info msg="Executing migration" id="add index server_lock.operation_uid"
logger=migrator t=2026-04-27T14:16:23.768099481Z level=info msg="Migration successfully executed" id="add index server_lock.operation_uid" duration=288.319µs
logger=migrator t=2026-04-27T14:16:23.771920935Z level=info msg="Executing migration" id="create user auth token table"
logger=migrator t=2026-04-27T14:16:23.772195754Z level=info msg="Migration successfully executed" id="create user auth token table" duration=266.429µs
logger=migrator t=2026-04-27T14:16:23.776736686Z level=info msg="Executing migration" id="add unique index user_auth_token.auth_token"
logger=migrator t=2026-04-27T14:16:23.777062276Z level=info msg="Migration successfully executed" id="add unique index user_auth_token.auth_token" duration=325.51µs
logger=migrator t=2026-04-27T14:16:23.780802809Z level=info msg="Executing migration" id="add unique index user_auth_token.prev_auth_token"
logger=migrator t=2026-04-27T14:16:23.781061949Z level=info msg="Migration successfully executed" id="add unique index user_auth_token.prev_auth_token" duration=258.86µs
logger=migrator t=2026-04-27T14:16:23.784803012Z level=info msg="Executing migration" id="add index user_auth_token.user_id"
logger=migrator t=2026-04-27T14:16:23.785108112Z level=info msg="Migration successfully executed" id="add index user_auth_token.user_id" duration=298.64µs
logger=migrator t=2026-04-27T14:16:23.789729214Z level=info msg="Executing migration" id="Add revoked_at to the user auth token"
logger=migrator t=2026-04-27T14:16:23.790593652Z level=info msg="Migration successfully executed" id="Add revoked_at to the user auth token" duration=864.258µs
logger=migrator t=2026-04-27T14:16:23.795100684Z level=info msg="Executing migration" id="add index user_auth_token.revoked_at"
logger=migrator t=2026-04-27T14:16:23.795428414Z level=info msg="Migration successfully executed" id="add index user_auth_token.revoked_at" duration=327.64µs
logger=migrator t=2026-04-27T14:16:23.799984516Z level=info msg="Executing migration" id="add external_session_id to user_auth_token"
logger=migrator t=2026-04-27T14:16:23.800601965Z level=info msg="Migration successfully executed" id="add external_session_id to user_auth_token" duration=617.259µs
logger=migrator t=2026-04-27T14:16:23.805115437Z level=info msg="Executing migration" id="create cache_data table"
logger=migrator t=2026-04-27T14:16:23.805347556Z level=info msg="Migration successfully executed" id="create cache_data table" duration=231.909µs
logger=migrator t=2026-04-27T14:16:23.809910998Z level=info msg="Executing migration" id="add unique index cache_data.cache_key"
logger=migrator t=2026-04-27T14:16:23.810184618Z level=info msg="Migration successfully executed" id="add unique index cache_data.cache_key" duration=273.43µs
logger=migrator t=2026-04-27T14:16:23.8147409Z level=info msg="Executing migration" id="create short_url table v1"
logger=migrator t=2026-04-27T14:16:23.81500241Z level=info msg="Migration successfully executed" id="create short_url table v1" duration=261.65µs
logger=migrator t=2026-04-27T14:16:23.818793573Z level=info msg="Executing migration" id="add index short_url.org_id-uid"
logger=migrator t=2026-04-27T14:16:23.819096723Z level=info msg="Migration successfully executed" id="add index short_url.org_id-uid" duration=296.09µs
logger=migrator t=2026-04-27T14:16:23.824019554Z level=info msg="Executing migration" id="alter table short_url alter column created_by type to bigint"
logger=migrator t=2026-04-27T14:16:23.824038384Z level=info msg="Migration successfully executed" id="alter table short_url alter column created_by type to bigint" duration=19.27µs
logger=migrator t=2026-04-27T14:16:23.828585146Z level=info msg="Executing migration" id="delete alert_definition table"
logger=migrator t=2026-04-27T14:16:23.828627566Z level=info msg="Migration successfully executed" id="delete alert_definition table" duration=42.97µs
logger=migrator t=2026-04-27T14:16:23.833020308Z level=info msg="Executing migration" id="recreate alert_definition table"
logger=migrator t=2026-04-27T14:16:23.833273518Z level=info msg="Migration successfully executed" id="recreate alert_definition table" duration=258.24µs
logger=migrator t=2026-04-27T14:16:23.83780608Z level=info msg="Executing migration" id="add index in alert_definition on org_id and title columns"
logger=migrator t=2026-04-27T14:16:23.83809823Z level=info msg="Migration successfully executed" id="add index in alert_definition on org_id and title columns" duration=292.12µs
logger=migrator t=2026-04-27T14:16:23.841884923Z level=info msg="Executing migration" id="add index in alert_definition on org_id and uid columns"
logger=migrator t=2026-04-27T14:16:23.842107823Z level=info msg="Migration successfully executed" id="add index in alert_definition on org_id and uid columns" duration=218.51µs
logger=migrator t=2026-04-27T14:16:23.845793386Z level=info msg="Executing migration" id="alter alert_definition table data column to mediumtext in mysql"
logger=migrator t=2026-04-27T14:16:23.845812926Z level=info msg="Migration successfully executed" id="alter alert_definition table data column to mediumtext in mysql" duration=19.95µs
logger=migrator t=2026-04-27T14:16:23.84962411Z level=info msg="Executing migration" id="drop index in alert_definition on org_id and title columns"
logger=migrator t=2026-04-27T14:16:23.849927509Z level=info msg="Migration successfully executed" id="drop index in alert_definition on org_id and title columns" duration=303.749µs
logger=migrator t=2026-04-27T14:16:23.853823892Z level=info msg="Executing migration" id="drop index in alert_definition on org_id and uid columns"
logger=migrator t=2026-04-27T14:16:23.854102212Z level=info msg="Migration successfully executed" id="drop index in alert_definition on org_id and uid columns" duration=278.05µs
logger=migrator t=2026-04-27T14:16:23.857793955Z level=info msg="Executing migration" id="add unique index in alert_definition on org_id and title columns"
logger=migrator t=2026-04-27T14:16:23.858063415Z level=info msg="Migration successfully executed" id="add unique index in alert_definition on org_id and title columns" duration=269.05µs
logger=migrator t=2026-04-27T14:16:23.861827628Z level=info msg="Executing migration" id="add unique index in alert_definition on org_id and uid columns"
logger=migrator t=2026-04-27T14:16:23.862097408Z level=info msg="Migration successfully executed" id="add unique index in alert_definition on org_id and uid columns" duration=269.8µs
logger=migrator t=2026-04-27T14:16:23.865796201Z level=info msg="Executing migration" id="Add column paused in alert_definition"
logger=migrator t=2026-04-27T14:16:23.86659887Z level=info msg="Migration successfully executed" id="Add column paused in alert_definition" duration=802.699µs
logger=migrator t=2026-04-27T14:16:23.870994012Z level=info msg="Executing migration" id="drop alert_definition table"
logger=migrator t=2026-04-27T14:16:23.871328882Z level=info msg="Migration successfully executed" id="drop alert_definition table" duration=325.71µs
logger=migrator t=2026-04-27T14:16:23.875896374Z level=info msg="Executing migration" id="delete alert_definition_version table"
logger=migrator t=2026-04-27T14:16:23.875946644Z level=info msg="Migration successfully executed" id="delete alert_definition_version table" duration=50.41µs
logger=migrator t=2026-04-27T14:16:23.879618117Z level=info msg="Executing migration" id="recreate alert_definition_version table"
logger=migrator t=2026-04-27T14:16:23.879888897Z level=info msg="Migration successfully executed" id="recreate alert_definition_version table" duration=262.79µs
logger=migrator t=2026-04-27T14:16:23.88378172Z level=info msg="Executing migration" id="add index in alert_definition_version table on alert_definition_id and version columns"
logger=migrator t=2026-04-27T14:16:23.88408011Z level=info msg="Migration successfully executed" id="add index in alert_definition_version table on alert_definition_id and version columns" duration=299.15µs
logger=migrator t=2026-04-27T14:16:23.887799763Z level=info msg="Executing migration" id="add index in alert_definition_version table on alert_definition_uid and version columns"
logger=migrator t=2026-04-27T14:16:23.888084263Z level=info msg="Migration successfully executed" id="add index in alert_definition_version table on alert_definition_uid and version columns" duration=284.63µs
logger=migrator t=2026-04-27T14:16:23.891785556Z level=info msg="Executing migration" id="alter alert_definition_version table data column to mediumtext in mysql"
logger=migrator t=2026-04-27T14:16:23.891800696Z level=info msg="Migration successfully executed" id="alter alert_definition_version table data column to mediumtext in mysql" duration=15.37µs
logger=migrator t=2026-04-27T14:16:23.89559133Z level=info msg="Executing migration" id="drop alert_definition_version table"
logger=migrator t=2026-04-27T14:16:23.895971909Z level=info msg="Migration successfully executed" id="drop alert_definition_version table" duration=380.419µs
logger=migrator t=2026-04-27T14:16:23.899711852Z level=info msg="Executing migration" id="create alert_instance table"
logger=migrator t=2026-04-27T14:16:23.899929762Z level=info msg="Migration successfully executed" id="create alert_instance table" duration=217.89µs
logger=migrator t=2026-04-27T14:16:23.903699445Z level=info msg="Executing migration" id="add index in alert_instance table on def_org_id, def_uid and current_state columns"
logger=migrator t=2026-04-27T14:16:23.904006585Z level=info msg="Migration successfully executed" id="add index in alert_instance table on def_org_id, def_uid and current_state columns" duration=306.95µs
logger=migrator t=2026-04-27T14:16:23.907701839Z level=info msg="Executing migration" id="add index in alert_instance table on def_org_id, current_state columns"
logger=migrator t=2026-04-27T14:16:23.907994728Z level=info msg="Migration successfully executed" id="add index in alert_instance table on def_org_id, current_state columns" duration=292.969µs
logger=migrator t=2026-04-27T14:16:23.911780621Z level=info msg="Executing migration" id="add column current_state_end to alert_instance"
logger=migrator t=2026-04-27T14:16:23.91268847Z level=info msg="Migration successfully executed" id="add column current_state_end to alert_instance" duration=907.389µs
logger=migrator t=2026-04-27T14:16:23.917099132Z level=info msg="Executing migration" id="remove index def_org_id, def_uid, current_state on alert_instance"
logger=migrator t=2026-04-27T14:16:23.917406682Z level=info msg="Migration successfully executed" id="remove index def_org_id, def_uid, current_state on alert_instance" duration=307.62µs
logger=migrator t=2026-04-27T14:16:23.921899774Z level=info msg="Executing migration" id="remove index def_org_id, current_state on alert_instance"
logger=migrator t=2026-04-27T14:16:23.922222793Z level=info msg="Migration successfully executed" id="remove index def_org_id, current_state on alert_instance" duration=316.359µs
logger=migrator t=2026-04-27T14:16:23.926697516Z level=info msg="Executing migration" id="rename def_org_id to rule_org_id in alert_instance"
logger=migrator t=2026-04-27T14:16:23.929346951Z level=info msg="Migration successfully executed" id="rename def_org_id to rule_org_id in alert_instance" duration=2.649665ms
logger=migrator t=2026-04-27T14:16:23.933736863Z level=info msg="Executing migration" id="rename def_uid to rule_uid in alert_instance"
logger=migrator t=2026-04-27T14:16:23.936578098Z level=info msg="Migration successfully executed" id="rename def_uid to rule_uid in alert_instance" duration=2.841345ms
logger=migrator t=2026-04-27T14:16:23.941001211Z level=info msg="Executing migration" id="add index rule_org_id, rule_uid, current_state on alert_instance"
logger=migrator t=2026-04-27T14:16:23.94130157Z level=info msg="Migration successfully executed" id="add index rule_org_id, rule_uid, current_state on alert_instance" duration=300.069µs
logger=migrator t=2026-04-27T14:16:23.945716423Z level=info msg="Executing migration" id="add index rule_org_id, current_state on alert_instance"
logger=migrator t=2026-04-27T14:16:23.946010992Z level=info msg="Migration successfully executed" id="add index rule_org_id, current_state on alert_instance" duration=294.699µs
logger=migrator t=2026-04-27T14:16:23.949709796Z level=info msg="Executing migration" id="add current_reason column related to current_state"
logger=migrator t=2026-04-27T14:16:23.950937093Z level=info msg="Migration successfully executed" id="add current_reason column related to current_state" duration=1.226877ms
logger=migrator t=2026-04-27T14:16:23.955392306Z level=info msg="Executing migration" id="add result_fingerprint column to alert_instance"
logger=migrator t=2026-04-27T14:16:23.956326484Z level=info msg="Migration successfully executed" id="add result_fingerprint column to alert_instance" duration=933.488µs
logger=migrator t=2026-04-27T14:16:23.960825176Z level=info msg="Executing migration" id="create alert_rule table"
logger=migrator t=2026-04-27T14:16:23.961112576Z level=info msg="Migration successfully executed" id="create alert_rule table" duration=287.42µs
logger=migrator t=2026-04-27T14:16:23.964817869Z level=info msg="Executing migration" id="add index in alert_rule on org_id and title columns"
logger=migrator t=2026-04-27T14:16:23.965076299Z level=info msg="Migration successfully executed" id="add index in alert_rule on org_id and title columns" duration=259.04µs
logger=migrator t=2026-04-27T14:16:23.968811682Z level=info msg="Executing migration" id="add index in alert_rule on org_id and uid columns"
logger=migrator t=2026-04-27T14:16:23.969084962Z level=info msg="Migration successfully executed" id="add index in alert_rule on org_id and uid columns" duration=273.3µs
logger=migrator t=2026-04-27T14:16:23.972795945Z level=info msg="Executing migration" id="add index in alert_rule on org_id, namespace_uid, group_uid columns"
logger=migrator t=2026-04-27T14:16:23.973077165Z level=info msg="Migration successfully executed" id="add index in alert_rule on org_id, namespace_uid, group_uid columns" duration=281.05µs
logger=migrator t=2026-04-27T14:16:23.976845618Z level=info msg="Executing migration" id="alter alert_rule table data column to mediumtext in mysql"
logger=migrator t=2026-04-27T14:16:23.976868598Z level=info msg="Migration successfully executed" id="alter alert_rule table data column to mediumtext in mysql" duration=24.15µs
logger=migrator t=2026-04-27T14:16:23.980837951Z level=info msg="Executing migration" id="add column for to alert_rule"
logger=migrator t=2026-04-27T14:16:23.98175522Z level=info msg="Migration successfully executed" id="add column for to alert_rule" duration=917.529µs
logger=migrator t=2026-04-27T14:16:23.986107632Z level=info msg="Executing migration" id="add column annotations to alert_rule"
logger=migrator t=2026-04-27T14:16:23.986981231Z level=info msg="Migration successfully executed" id="add column annotations to alert_rule" duration=873.319µs
logger=migrator t=2026-04-27T14:16:23.991402293Z level=info msg="Executing migration" id="add column labels to alert_rule"
logger=migrator t=2026-04-27T14:16:23.992352931Z level=info msg="Migration successfully executed" id="add column labels to alert_rule" duration=950.328µs
logger=migrator t=2026-04-27T14:16:23.996900073Z level=info msg="Executing migration" id="remove unique index from alert_rule on org_id, title columns"
logger=migrator t=2026-04-27T14:16:23.997173433Z level=info msg="Migration successfully executed" id="remove unique index from alert_rule on org_id, title columns" duration=274.75µs
logger=migrator t=2026-04-27T14:16:24.001615445Z level=info msg="Executing migration" id="add index in alert_rule on org_id, namespase_uid and title columns"
logger=migrator t=2026-04-27T14:16:24.001926685Z level=info msg="Migration successfully executed" id="add index in alert_rule on org_id, namespase_uid and title columns" duration=320.12µs
logger=migrator t=2026-04-27T14:16:24.005775758Z level=info msg="Executing migration" id="add dashboard_uid column to alert_rule"
logger=migrator t=2026-04-27T14:16:24.006771566Z level=info msg="Migration successfully executed" id="add dashboard_uid column to alert_rule" duration=996.308µs
logger=migrator t=2026-04-27T14:16:24.011248918Z level=info msg="Executing migration" id="add panel_id column to alert_rule"
logger=migrator t=2026-04-27T14:16:24.012299157Z level=info msg="Migration successfully executed" id="add panel_id column to alert_rule" duration=1.050519ms
logger=migrator t=2026-04-27T14:16:24.016816979Z level=info msg="Executing migration" id="add index in alert_rule on org_id, dashboard_uid and panel_id columns"
logger=migrator t=2026-04-27T14:16:24.017116868Z level=info msg="Migration successfully executed" id="add index in alert_rule on org_id, dashboard_uid and panel_id columns" duration=300.389µs
logger=migrator t=2026-04-27T14:16:24.02159416Z level=info msg="Executing migration" id="add rule_group_idx column to alert_rule"
logger=migrator t=2026-04-27T14:16:24.022356519Z level=info msg="Migration successfully executed" id="add rule_group_idx column to alert_rule" duration=755.769µs
logger=migrator t=2026-04-27T14:16:24.026787661Z level=info msg="Executing migration" id="add is_paused column to alert_rule table"
logger=migrator t=2026-04-27T14:16:24.02775277Z level=info msg="Migration successfully executed" id="add is_paused column to alert_rule table" duration=964.519µs
logger=migrator t=2026-04-27T14:16:24.032307112Z level=info msg="Executing migration" id="fix is_paused column for alert_rule table"
logger=migrator t=2026-04-27T14:16:24.032323842Z level=info msg="Migration successfully executed" id="fix is_paused column for alert_rule table" duration=17.28µs
logger=migrator t=2026-04-27T14:16:24.036905374Z level=info msg="Executing migration" id="alter table alert_rule alter column rule_group_idx type to bigint"
logger=migrator t=2026-04-27T14:16:24.036925134Z level=info msg="Migration successfully executed" id="alter table alert_rule alter column rule_group_idx type to bigint" duration=20.19µs
logger=migrator t=2026-04-27T14:16:24.040819257Z level=info msg="Executing migration" id="create alert_rule_version table"
logger=migrator t=2026-04-27T14:16:24.041180766Z level=info msg="Migration successfully executed" id="create alert_rule_version table" duration=361.379µs
logger=migrator t=2026-04-27T14:16:24.045802238Z level=info msg="Executing migration" id="add index in alert_rule_version table on rule_org_id, rule_uid and version columns"
logger=migrator t=2026-04-27T14:16:24.046134188Z level=info msg="Migration successfully executed" id="add index in alert_rule_version table on rule_org_id, rule_uid and version columns" duration=331.73µs
logger=migrator t=2026-04-27T14:16:24.05072711Z level=info msg="Executing migration" id="add index in alert_rule_version table on rule_org_id, rule_namespace_uid and rule_group columns"
logger=migrator t=2026-04-27T14:16:24.051043859Z level=info msg="Migration successfully executed" id="add index in alert_rule_version table on rule_org_id, rule_namespace_uid and rule_group columns" duration=316.669µs
logger=migrator t=2026-04-27T14:16:24.054790183Z level=info msg="Executing migration" id="alter alert_rule_version table data column to mediumtext in mysql"
logger=migrator t=2026-04-27T14:16:24.054805093Z level=info msg="Migration successfully executed" id="alter alert_rule_version table data column to mediumtext in mysql" duration=15.36µs
logger=migrator t=2026-04-27T14:16:24.058612616Z level=info msg="Executing migration" id="add column for to alert_rule_version"
logger=migrator t=2026-04-27T14:16:24.059571934Z level=info msg="Migration successfully executed" id="add column for to alert_rule_version" duration=959.188µs
logger=migrator t=2026-04-27T14:16:24.064129956Z level=info msg="Executing migration" id="add column annotations to alert_rule_version"
logger=migrator t=2026-04-27T14:16:24.065082775Z level=info msg="Migration successfully executed" id="add column annotations to alert_rule_version" duration=959.929µs
logger=migrator t=2026-04-27T14:16:24.069605407Z level=info msg="Executing migration" id="add column labels to alert_rule_version"
logger=migrator t=2026-04-27T14:16:24.070486355Z level=info msg="Migration successfully executed" id="add column labels to alert_rule_version" duration=875.458µs
logger=migrator t=2026-04-27T14:16:24.074916498Z level=info msg="Executing migration" id="add rule_group_idx column to alert_rule_version"
logger=migrator t=2026-04-27T14:16:24.075639137Z level=info msg="Migration successfully executed" id="add rule_group_idx column to alert_rule_version" duration=723.069µs
logger=migrator t=2026-04-27T14:16:24.080100689Z level=info msg="Executing migration" id="add is_paused column to alert_rule_versions table"
logger=migrator t=2026-04-27T14:16:24.080963527Z level=info msg="Migration successfully executed" id="add is_paused column to alert_rule_versions table" duration=862.688µs
logger=migrator t=2026-04-27T14:16:24.08539949Z level=info msg="Executing migration" id="fix is_paused column for alert_rule_version table"
logger=migrator t=2026-04-27T14:16:24.08542643Z level=info msg="Migration successfully executed" id="fix is_paused column for alert_rule_version table" duration=17.99µs
logger=migrator t=2026-04-27T14:16:24.090026102Z level=info msg="Executing migration" id="alter table alert_rule_version alter column rule_group_idx type to bigint"
logger=migrator t=2026-04-27T14:16:24.090043272Z level=info msg="Migration successfully executed" id="alter table alert_rule_version alter column rule_group_idx type to bigint" duration=17.81µs
logger=migrator t=2026-04-27T14:16:24.094589274Z level=info msg="Executing migration" id=create_alert_configuration_table
logger=migrator t=2026-04-27T14:16:24.094834823Z level=info msg="Migration successfully executed" id=create_alert_configuration_table duration=245.349µs
logger=migrator t=2026-04-27T14:16:24.098711666Z level=info msg="Executing migration" id="Add column default in alert_configuration"
logger=migrator t=2026-04-27T14:16:24.099634615Z level=info msg="Migration successfully executed" id="Add column default in alert_configuration" duration=922.829µs
logger=migrator t=2026-04-27T14:16:24.104097297Z level=info msg="Executing migration" id="alert alert_configuration alertmanager_configuration column from TEXT to MEDIUMTEXT if mysql"
logger=migrator t=2026-04-27T14:16:24.104113577Z level=info msg="Migration successfully executed" id="alert alert_configuration alertmanager_configuration column from TEXT to MEDIUMTEXT if mysql" duration=16.73µs
logger=migrator t=2026-04-27T14:16:24.108705959Z level=info msg="Executing migration" id="add column org_id in alert_configuration"
logger=migrator t=2026-04-27T14:16:24.109581348Z level=info msg="Migration successfully executed" id="add column org_id in alert_configuration" duration=875.219µs
logger=migrator t=2026-04-27T14:16:24.11410152Z level=info msg="Executing migration" id="add index in alert_configuration table on org_id column"
logger=migrator t=2026-04-27T14:16:24.114396379Z level=info msg="Migration successfully executed" id="add index in alert_configuration table on org_id column" duration=294.869µs
logger=migrator t=2026-04-27T14:16:24.118890651Z level=info msg="Executing migration" id="add configuration_hash column to alert_configuration"
logger=migrator t=2026-04-27T14:16:24.11967769Z level=info msg="Migration successfully executed" id="add configuration_hash column to alert_configuration" duration=786.969µs
logger=migrator t=2026-04-27T14:16:24.124097402Z level=info msg="Executing migration" id=create_ngalert_configuration_table
logger=migrator t=2026-04-27T14:16:24.124359702Z level=info msg="Migration successfully executed" id=create_ngalert_configuration_table duration=271.33µs
logger=migrator t=2026-04-27T14:16:24.129036654Z level=info msg="Executing migration" id="add index in ngalert_configuration on org_id column"
logger=migrator t=2026-04-27T14:16:24.129491833Z level=info msg="Migration successfully executed" id="add index in ngalert_configuration on org_id column" duration=467.119µs
logger=migrator t=2026-04-27T14:16:24.134123305Z level=info msg="Executing migration" id="add column send_alerts_to in ngalert_configuration"
logger=migrator t=2026-04-27T14:16:24.135167393Z level=info msg="Migration successfully executed" id="add column send_alerts_to in ngalert_configuration" duration=1.043898ms
logger=migrator t=2026-04-27T14:16:24.139593985Z level=info msg="Executing migration" id="create provenance_type table"
logger=migrator t=2026-04-27T14:16:24.139862975Z level=info msg="Migration successfully executed" id="create provenance_type table" duration=268.73µs
logger=migrator t=2026-04-27T14:16:24.143691398Z level=info msg="Executing migration" id="add index to uniquify (record_key, record_type, org_id) columns"
logger=migrator t=2026-04-27T14:16:24.143880218Z level=info msg="Migration successfully executed" id="add index to uniquify (record_key, record_type, org_id) columns" duration=188.82µs
logger=migrator t=2026-04-27T14:16:24.147475231Z level=info msg="Executing migration" id="create alert_image table"
logger=migrator t=2026-04-27T14:16:24.147624251Z level=info msg="Migration successfully executed" id="create alert_image table" duration=154.119µs
logger=migrator t=2026-04-27T14:16:24.152107024Z level=info msg="Executing migration" id="add unique index on token to alert_image table"
logger=migrator t=2026-04-27T14:16:24.152396683Z level=info msg="Migration successfully executed" id="add unique index on token to alert_image table" duration=289.649µs
logger=migrator t=2026-04-27T14:16:24.157038275Z level=info msg="Executing migration" id="support longer URLs in alert_image table"
logger=migrator t=2026-04-27T14:16:24.157055425Z level=info msg="Migration successfully executed" id="support longer URLs in alert_image table" duration=17.86µs
logger=migrator t=2026-04-27T14:16:24.161605877Z level=info msg="Executing migration" id=create_alert_configuration_history_table
logger=migrator t=2026-04-27T14:16:24.161909556Z level=info msg="Migration successfully executed" id=create_alert_configuration_history_table duration=303.429µs
logger=migrator t=2026-04-27T14:16:24.16559248Z level=info msg="Executing migration" id="drop non-unique orgID index on alert_configuration"
logger=migrator t=2026-04-27T14:16:24.16592373Z level=info msg="Migration successfully executed" id="drop non-unique orgID index on alert_configuration" duration=331.03µs
logger=migrator t=2026-04-27T14:16:24.169835293Z level=info msg="Executing migration" id="drop unique orgID index on alert_configuration if exists"
logger=migrator t=2026-04-27T14:16:24.169934423Z level=warn msg="Skipping migration: Already executed, but not recorded in migration log" id="drop unique orgID index on alert_configuration if exists"
logger=migrator t=2026-04-27T14:16:24.173793406Z level=info msg="Executing migration" id="extract alertmanager configuration history to separate table"
logger=migrator t=2026-04-27T14:16:24.173995575Z level=info msg="Migration successfully executed" id="extract alertmanager configuration history to separate table" duration=202.179µs
logger=migrator t=2026-04-27T14:16:24.177711589Z level=info msg="Executing migration" id="add unique index on orgID to alert_configuration"
logger=migrator t=2026-04-27T14:16:24.177995259Z level=info msg="Migration successfully executed" id="add unique index on orgID to alert_configuration" duration=288.43µs
logger=migrator t=2026-04-27T14:16:24.181698842Z level=info msg="Executing migration" id="add last_applied column to alert_configuration_history"
logger=migrator t=2026-04-27T14:16:24.18276136Z level=info msg="Migration successfully executed" id="add last_applied column to alert_configuration_history" duration=1.062018ms
logger=migrator t=2026-04-27T14:16:24.187201072Z level=info msg="Executing migration" id="add message column to alert_rule_version"
logger=migrator t=2026-04-27T14:16:24.188156111Z level=info msg="Migration successfully executed" id="add message column to alert_rule_version" duration=955.129µs
logger=migrator t=2026-04-27T14:16:24.192595733Z level=info msg="Executing migration" id="add column external_alertmanager_uid in ngalert_configuration"
logger=migrator t=2026-04-27T14:16:24.193547362Z level=info msg="Migration successfully executed" id="add column external_alertmanager_uid in ngalert_configuration" duration=951.309µs
logger=migrator t=2026-04-27T14:16:24.198022904Z level=info msg="Executing migration" id="create library_element table v1"
logger=migrator t=2026-04-27T14:16:24.198318523Z level=info msg="Migration successfully executed" id="create library_element table v1" duration=295.379µs
logger=migrator t=2026-04-27T14:16:24.202888695Z level=info msg="Executing migration" id="add index library_element org_id-folder_id-name-kind"
logger=migrator t=2026-04-27T14:16:24.203174535Z level=info msg="Migration successfully executed" id="add index library_element org_id-folder_id-name-kind" duration=285.86µs
logger=migrator t=2026-04-27T14:16:24.207801097Z level=info msg="Executing migration" id="create library_element_connection table v1"
logger=migrator t=2026-04-27T14:16:24.208028496Z level=info msg="Migration successfully executed" id="create library_element_connection table v1" duration=227.069µs
logger=migrator t=2026-04-27T14:16:24.21188741Z level=info msg="Executing migration" id="add index library_element_connection element_id-kind-connection_id"
logger=migrator t=2026-04-27T14:16:24.212164299Z level=info msg="Migration successfully executed" id="add index library_element_connection element_id-kind-connection_id" duration=276.939µs
logger=migrator t=2026-04-27T14:16:24.216688601Z level=info msg="Executing migration" id="add unique index library_element org_id_uid"
logger=migrator t=2026-04-27T14:16:24.216952521Z level=info msg="Migration successfully executed" id="add unique index library_element org_id_uid" duration=264.05µs
logger=migrator t=2026-04-27T14:16:24.221222233Z level=info msg="Executing migration" id="increase max description length to 2048"
logger=migrator t=2026-04-27T14:16:24.221259443Z level=info msg="Migration successfully executed" id="increase max description length to 2048" duration=32.91µs
logger=migrator t=2026-04-27T14:16:24.226101975Z level=info msg="Executing migration" id="alter library_element model to mediumtext"
logger=migrator t=2026-04-27T14:16:24.226120385Z level=info msg="Migration successfully executed" id="alter library_element model to mediumtext" duration=19.02µs
logger=migrator t=2026-04-27T14:16:24.230718197Z level=info msg="Executing migration" id="add library_element folder uid"
logger=migrator t=2026-04-27T14:16:24.231762195Z level=info msg="Migration successfully executed" id="add library_element folder uid" duration=1.043888ms
logger=migrator t=2026-04-27T14:16:24.236191587Z level=info msg="Executing migration" id="populate library_element folder_uid"
logger=migrator t=2026-04-27T14:16:24.236324377Z level=info msg="Migration successfully executed" id="populate library_element folder_uid" duration=132.84µs
logger=migrator t=2026-04-27T14:16:24.240807269Z level=info msg="Executing migration" id="add index library_element org_id-folder_uid-name-kind"
logger=migrator t=2026-04-27T14:16:24.241104299Z level=info msg="Migration successfully executed" id="add index library_element org_id-folder_uid-name-kind" duration=297.04µs
logger=migrator t=2026-04-27T14:16:24.245719041Z level=info msg="Executing migration" id="drop unique name in folder index (id)"
logger=migrator t=2026-04-27T14:16:24.24602779Z level=info msg="Migration successfully executed" id="drop unique name in folder index (id)" duration=308.559µs
logger=migrator t=2026-04-27T14:16:24.249793364Z level=info msg="Executing migration" id="drop unique name in folder index"
logger=migrator t=2026-04-27T14:16:24.250104133Z level=info msg="Migration successfully executed" id="drop unique name in folder index" duration=313.219µs
logger=migrator t=2026-04-27T14:16:24.254580265Z level=info msg="Executing migration" id="clone move dashboard alerts to unified alerting"
logger=migrator t=2026-04-27T14:16:24.254745555Z level=info msg="Migration successfully executed" id="clone move dashboard alerts to unified alerting" duration=159.1µs
logger=migrator t=2026-04-27T14:16:24.258734038Z level=info msg="Executing migration" id="create data_keys table"
logger=migrator t=2026-04-27T14:16:24.258986368Z level=info msg="Migration successfully executed" id="create data_keys table" duration=252.41µs
logger=migrator t=2026-04-27T14:16:24.264202239Z level=info msg="Executing migration" id="create secrets table"
logger=migrator t=2026-04-27T14:16:24.264445888Z level=info msg="Migration successfully executed" id="create secrets table" duration=249.679µs
logger=migrator t=2026-04-27T14:16:24.269516699Z level=info msg="Executing migration" id="rename data_keys name column to id"
logger=migrator t=2026-04-27T14:16:24.273047073Z level=info msg="Migration successfully executed" id="rename data_keys name column to id" duration=3.530274ms
logger=migrator t=2026-04-27T14:16:24.278288744Z level=info msg="Executing migration" id="add name column into data_keys"
logger=migrator t=2026-04-27T14:16:24.279319932Z level=info msg="Migration successfully executed" id="add name column into data_keys" duration=1.031108ms
logger=migrator t=2026-04-27T14:16:24.283882154Z level=info msg="Executing migration" id="copy data_keys id column values into name"
logger=migrator t=2026-04-27T14:16:24.283946294Z level=info msg="Migration successfully executed" id="copy data_keys id column values into name" duration=64.42µs
logger=migrator t=2026-04-27T14:16:24.287770688Z level=info msg="Executing migration" id="rename data_keys name column to label"
logger=migrator t=2026-04-27T14:16:24.290975262Z level=info msg="Migration successfully executed" id="rename data_keys name column to label" duration=3.204454ms
logger=migrator t=2026-04-27T14:16:24.295370554Z level=info msg="Executing migration" id="rename data_keys id column back to name"
logger=migrator t=2026-04-27T14:16:24.298570309Z level=info msg="Migration successfully executed" id="rename data_keys id column back to name" duration=3.191235ms
logger=migrator t=2026-04-27T14:16:24.302995631Z level=info msg="Executing migration" id="create kv_store table v1"
logger=migrator t=2026-04-27T14:16:24.303271131Z level=info msg="Migration successfully executed" id="create kv_store table v1" duration=275.08µs
logger=migrator t=2026-04-27T14:16:24.307695093Z level=info msg="Executing migration" id="add index kv_store.org_id-namespace-key"
logger=migrator t=2026-04-27T14:16:24.307991802Z level=info msg="Migration successfully executed" id="add index kv_store.org_id-namespace-key" duration=293.539µs
logger=migrator t=2026-04-27T14:16:24.311928056Z level=info msg="Executing migration" id="update dashboard_uid and panel_id from existing annotations"
logger=migrator t=2026-04-27T14:16:24.312044935Z level=info msg="Migration successfully executed" id="update dashboard_uid and panel_id from existing annotations" duration=117.259µs
logger=migrator t=2026-04-27T14:16:24.317016837Z level=info msg="Executing migration" id="create permission table"
logger=migrator t=2026-04-27T14:16:24.317266666Z level=info msg="Migration successfully executed" id="create permission table" duration=243.869µs
logger=migrator t=2026-04-27T14:16:24.321901418Z level=info msg="Executing migration" id="add unique index permission.role_id"
logger=migrator t=2026-04-27T14:16:24.322231008Z level=info msg="Migration successfully executed" id="add unique index permission.role_id" duration=328µs
logger=migrator t=2026-04-27T14:16:24.32670016Z level=info msg="Executing migration" id="add unique index role_id_action_scope"
logger=migrator t=2026-04-27T14:16:24.327007089Z level=info msg="Migration successfully executed" id="add unique index role_id_action_scope" duration=307.009µs
logger=migrator t=2026-04-27T14:16:24.330717693Z level=info msg="Executing migration" id="create role table"
logger=migrator t=2026-04-27T14:16:24.331020322Z level=info msg="Migration successfully executed" id="create role table" duration=302.539µs
logger=migrator t=2026-04-27T14:16:24.334794146Z level=info msg="Executing migration" id="add column display_name"
logger=migrator t=2026-04-27T14:16:24.335826364Z level=info msg="Migration successfully executed" id="add column display_name" duration=1.027668ms
logger=migrator t=2026-04-27T14:16:24.340183806Z level=info msg="Executing migration" id="add column group_name"
logger=migrator t=2026-04-27T14:16:24.341252015Z level=info msg="Migration successfully executed" id="add column group_name" duration=1.068129ms
logger=migrator t=2026-04-27T14:16:24.345712617Z level=info msg="Executing migration" id="add index role.org_id"
logger=migrator t=2026-04-27T14:16:24.346028806Z level=info msg="Migration successfully executed" id="add index role.org_id" duration=316.239µs
logger=migrator t=2026-04-27T14:16:24.351027308Z level=info msg="Executing migration" id="add unique index role_org_id_name"
logger=migrator t=2026-04-27T14:16:24.351319727Z level=info msg="Migration successfully executed" id="add unique index role_org_id_name" duration=302.809µs
logger=migrator t=2026-04-27T14:16:24.355880989Z level=info msg="Executing migration" id="add index role_org_id_uid"
logger=migrator t=2026-04-27T14:16:24.356164239Z level=info msg="Migration successfully executed" id="add index role_org_id_uid" duration=283.12µs
logger=migrator t=2026-04-27T14:16:24.360688351Z level=info msg="Executing migration" id="create team role table"
logger=migrator t=2026-04-27T14:16:24.36092104Z level=info msg="Migration successfully executed" id="create team role table" duration=232.419µs
logger=migrator t=2026-04-27T14:16:24.364689184Z level=info msg="Executing migration" id="add index team_role.org_id"
logger=migrator t=2026-04-27T14:16:24.364974323Z level=info msg="Migration successfully executed" id="add index team_role.org_id" duration=285.159µs
logger=migrator t=2026-04-27T14:16:24.368897776Z level=info msg="Executing migration" id="add unique index team_role_org_id_team_id_role_id"
logger=migrator t=2026-04-27T14:16:24.369238566Z level=info msg="Migration successfully executed" id="add unique index team_role_org_id_team_id_role_id" duration=340.51µs
logger=migrator t=2026-04-27T14:16:24.373990508Z level=info msg="Executing migration" id="add index team_role.team_id"
logger=migrator t=2026-04-27T14:16:24.374350677Z level=info msg="Migration successfully executed" id="add index team_role.team_id" duration=360.169µs
logger=migrator t=2026-04-27T14:16:24.378897579Z level=info msg="Executing migration" id="create user role table"
logger=migrator t=2026-04-27T14:16:24.379129709Z level=info msg="Migration successfully executed" id="create user role table" duration=231.92µs
logger=migrator t=2026-04-27T14:16:24.382779112Z level=info msg="Executing migration" id="add index user_role.org_id"
logger=migrator t=2026-04-27T14:16:24.383045672Z level=info msg="Migration successfully executed" id="add index user_role.org_id" duration=266.4µs
logger=migrator t=2026-04-27T14:16:24.386704516Z level=info msg="Executing migration" id="add unique index user_role_org_id_user_id_role_id"
logger=migrator t=2026-04-27T14:16:24.386948595Z level=info msg="Migration successfully executed" id="add unique index user_role_org_id_user_id_role_id" duration=244.209µs
logger=migrator t=2026-04-27T14:16:24.390588719Z level=info msg="Executing migration" id="add index user_role.user_id"
logger=migrator t=2026-04-27T14:16:24.390883128Z level=info msg="Migration successfully executed" id="add index user_role.user_id" duration=293.989µs
logger=migrator t=2026-04-27T14:16:24.394594572Z level=info msg="Executing migration" id="create builtin role table"
logger=migrator t=2026-04-27T14:16:24.394846341Z level=info msg="Migration successfully executed" id="create builtin role table" duration=251.529µs
logger=migrator t=2026-04-27T14:16:24.398585145Z level=info msg="Executing migration" id="add index builtin_role.role_id"
logger=migrator t=2026-04-27T14:16:24.398892984Z level=info msg="Migration successfully executed" id="add index builtin_role.role_id" duration=307.829µs
logger=migrator t=2026-04-27T14:16:24.402564608Z level=info msg="Executing migration" id="add index builtin_role.name"
logger=migrator t=2026-04-27T14:16:24.402835368Z level=info msg="Migration successfully executed" id="add index builtin_role.name" duration=270.4µs
logger=migrator t=2026-04-27T14:16:24.406489991Z level=info msg="Executing migration" id="Add column org_id to builtin_role table"
logger=migrator t=2026-04-27T14:16:24.407558119Z level=info msg="Migration successfully executed" id="Add column org_id to builtin_role table" duration=1.067868ms
logger=migrator t=2026-04-27T14:16:24.411983132Z level=info msg="Executing migration" id="add index builtin_role.org_id"
logger=migrator t=2026-04-27T14:16:24.412269961Z level=info msg="Migration successfully executed" id="add index builtin_role.org_id" duration=286.799µs
logger=migrator t=2026-04-27T14:16:24.416696003Z level=info msg="Executing migration" id="add unique index builtin_role_org_id_role_id_role"
logger=migrator t=2026-04-27T14:16:24.416993613Z level=info msg="Migration successfully executed" id="add unique index builtin_role_org_id_role_id_role" duration=297.21µs
logger=migrator t=2026-04-27T14:16:24.420700906Z level=info msg="Executing migration" id="Remove unique index role_org_id_uid"
logger=migrator t=2026-04-27T14:16:24.420977406Z level=info msg="Migration successfully executed" id="Remove unique index role_org_id_uid" duration=276.5µs
logger=migrator t=2026-04-27T14:16:24.424690569Z level=info msg="Executing migration" id="add unique index role.uid"
logger=migrator t=2026-04-27T14:16:24.424971489Z level=info msg="Migration successfully executed" id="add unique index role.uid" duration=280.84µs
logger=migrator t=2026-04-27T14:16:24.428705703Z level=info msg="Executing migration" id="create seed assignment table"
logger=migrator t=2026-04-27T14:16:24.428924022Z level=info msg="Migration successfully executed" id="create seed assignment table" duration=226.179µs
logger=migrator t=2026-04-27T14:16:24.432702006Z level=info msg="Executing migration" id="add unique index builtin_role_role_name"
logger=migrator t=2026-04-27T14:16:24.432984335Z level=info msg="Migration successfully executed" id="add unique index builtin_role_role_name" duration=282.099µs
logger=migrator t=2026-04-27T14:16:24.436802699Z level=info msg="Executing migration" id="add column hidden to role table"
logger=migrator t=2026-04-27T14:16:24.437856487Z level=info msg="Migration successfully executed" id="add column hidden to role table" duration=1.062228ms
logger=migrator t=2026-04-27T14:16:24.442199749Z level=info msg="Executing migration" id="permission kind migration"
logger=migrator t=2026-04-27T14:16:24.443330967Z level=info msg="Migration successfully executed" id="permission kind migration" duration=1.130888ms
logger=migrator t=2026-04-27T14:16:24.447807829Z level=info msg="Executing migration" id="permission attribute migration"
logger=migrator t=2026-04-27T14:16:24.448851097Z level=info msg="Migration successfully executed" id="permission attribute migration" duration=1.043668ms
logger=migrator t=2026-04-27T14:16:24.45334796Z level=info msg="Executing migration" id="permission identifier migration"
logger=migrator t=2026-04-27T14:16:24.454518348Z level=info msg="Migration successfully executed" id="permission identifier migration" duration=1.170678ms
logger=migrator t=2026-04-27T14:16:24.45889218Z level=info msg="Executing migration" id="add permission identifier index"
logger=migrator t=2026-04-27T14:16:24.459231179Z level=info msg="Migration successfully executed" id="add permission identifier index" duration=339.259µs
logger=migrator t=2026-04-27T14:16:24.463694332Z level=info msg="Executing migration" id="add permission action scope role_id index"
logger=migrator t=2026-04-27T14:16:24.464078811Z level=info msg="Migration successfully executed" id="add permission action scope role_id index" duration=384.299µs
logger=migrator t=2026-04-27T14:16:24.467839794Z level=info msg="Executing migration" id="remove permission role_id action scope index"
logger=migrator t=2026-04-27T14:16:24.468160514Z level=info msg="Migration successfully executed" id="remove permission role_id action scope index" duration=321.13µs
logger=migrator t=2026-04-27T14:16:24.472709016Z level=info msg="Executing migration" id="add group mapping UID column to user_role table"
logger=migrator t=2026-04-27T14:16:24.473894414Z level=info msg="Migration successfully executed" id="add group mapping UID column to user_role table" duration=1.186378ms
logger=migrator t=2026-04-27T14:16:24.478318956Z level=info msg="Executing migration" id="add user_role org ID, user ID, role ID, group mapping UID index"
logger=migrator t=2026-04-27T14:16:24.478674606Z level=info msg="Migration successfully executed" id="add user_role org ID, user ID, role ID, group mapping UID index" duration=355.94µs
logger=migrator t=2026-04-27T14:16:24.483058328Z level=info msg="Executing migration" id="remove user_role org ID, user ID, role ID index"
logger=migrator t=2026-04-27T14:16:24.483286368Z level=info msg="Migration successfully executed" id="remove user_role org ID, user ID, role ID index" duration=227.79µs
logger=migrator t=2026-04-27T14:16:24.48769699Z level=info msg="Executing migration" id="add permission role_id action index"
logger=migrator t=2026-04-27T14:16:24.488029679Z level=info msg="Migration successfully executed" id="add permission role_id action index" duration=325.389µs
logger=migrator t=2026-04-27T14:16:24.491786863Z level=info msg="Executing migration" id="Remove permission role_id index"
logger=migrator t=2026-04-27T14:16:24.492062152Z level=info msg="Migration successfully executed" id="Remove permission role_id index" duration=275.199µs
logger=migrator t=2026-04-27T14:16:24.495818346Z level=info msg="Executing migration" id="add permission role_id scope index"
logger=migrator t=2026-04-27T14:16:24.496133115Z level=info msg="Migration successfully executed" id="add permission role_id scope index" duration=314.959µs
logger=migrator t=2026-04-27T14:16:24.500575888Z level=info msg="Executing migration" id="alter permission.kind to length 80"
logger=migrator t=2026-04-27T14:16:24.500596187Z level=info msg="Migration successfully executed" id="alter permission.kind to length 80" duration=20.659µs
logger=migrator t=2026-04-27T14:16:24.504384381Z level=info msg="Executing migration" id="add datasource_type column to permission table"
logger=migrator t=2026-04-27T14:16:24.505594199Z level=info msg="Migration successfully executed" id="add datasource_type column to permission table" duration=1.209438ms
logger=migrator t=2026-04-27T14:16:24.510108061Z level=info msg="Executing migration" id="populate datasource_type in permission table for uid-scoped datasource permissions"
logger=migrator t=2026-04-27T14:16:24.510223071Z level=info msg="Migration successfully executed" id="populate datasource_type in permission table for uid-scoped datasource permissions" duration=115.56µs
logger=migrator t=2026-04-27T14:16:24.514700293Z level=info msg="Executing migration" id="create query_history table v1"
logger=migrator t=2026-04-27T14:16:24.514942223Z level=info msg="Migration successfully executed" id="create query_history table v1" duration=241.75µs
logger=migrator t=2026-04-27T14:16:24.518706306Z level=info msg="Executing migration" id="add index query_history.org_id-created_by-datasource_uid"
logger=migrator t=2026-04-27T14:16:24.519046605Z level=info msg="Migration successfully executed" id="add index query_history.org_id-created_by-datasource_uid" duration=311.009µs
logger=migrator t=2026-04-27T14:16:24.522893409Z level=info msg="Executing migration" id="alter table query_history alter column created_by type to bigint"
logger=migrator t=2026-04-27T14:16:24.522909289Z level=info msg="Migration successfully executed" id="alter table query_history alter column created_by type to bigint" duration=24.77µs
logger=migrator t=2026-04-27T14:16:24.526773292Z level=info msg="Executing migration" id="create query_history_details table v1"
logger=migrator t=2026-04-27T14:16:24.526958852Z level=info msg="Migration successfully executed" id="create query_history_details table v1" duration=185.62µs
logger=migrator t=2026-04-27T14:16:24.530695595Z level=info msg="Executing migration" id="rbac disabled migrator"
logger=migrator t=2026-04-27T14:16:24.530719295Z level=info msg="Migration successfully executed" id="rbac disabled migrator" duration=23.93µs
logger=migrator t=2026-04-27T14:16:24.534492389Z level=info msg="Executing migration" id="teams permissions migration"
logger=migrator t=2026-04-27T14:16:24.534662088Z level=info msg="Migration successfully executed" id="teams permissions migration" duration=169.829µs
logger=migrator t=2026-04-27T14:16:24.538386532Z level=info msg="Executing migration" id="dashboard permissions"
logger=migrator t=2026-04-27T14:16:24.538575571Z level=info msg="Migration successfully executed" id="dashboard permissions" duration=197.579µs
logger=migrator t=2026-04-27T14:16:24.543071384Z level=info msg="Executing migration" id="dashboard permissions uid scopes"
logger=migrator t=2026-04-27T14:16:24.543224543Z level=info msg="Migration successfully executed" id="dashboard permissions uid scopes" duration=153.219µs
logger=migrator t=2026-04-27T14:16:24.547878885Z level=info msg="Executing migration" id="drop managed folder create actions"
logger=migrator t=2026-04-27T14:16:24.547954285Z level=info msg="Migration successfully executed" id="drop managed folder create actions" duration=75.73µs
logger=migrator t=2026-04-27T14:16:24.551711109Z level=info msg="Executing migration" id="alerting notification permissions"
logger=migrator t=2026-04-27T14:16:24.551912508Z level=info msg="Migration successfully executed" id="alerting notification permissions" duration=201.609µs
logger=migrator t=2026-04-27T14:16:24.555823802Z level=info msg="Executing migration" id="create query_history_star table v1"
logger=migrator t=2026-04-27T14:16:24.556139801Z level=info msg="Migration successfully executed" id="create query_history_star table v1" duration=316.389µs
logger=migrator t=2026-04-27T14:16:24.560692163Z level=info msg="Executing migration" id="add index query_history.user_id-query_uid"
logger=migrator t=2026-04-27T14:16:24.561035642Z level=info msg="Migration successfully executed" id="add index query_history.user_id-query_uid" duration=343.239µs
logger=migrator t=2026-04-27T14:16:24.564783926Z level=info msg="Executing migration" id="add column org_id in query_history_star"
logger=migrator t=2026-04-27T14:16:24.565950344Z level=info msg="Migration successfully executed" id="add column org_id in query_history_star" duration=1.159008ms
logger=migrator t=2026-04-27T14:16:24.570389906Z level=info msg="Executing migration" id="alter table query_history_star_mig column user_id type to bigint"
logger=migrator t=2026-04-27T14:16:24.570420056Z level=info msg="Migration successfully executed" id="alter table query_history_star_mig column user_id type to bigint" duration=30.58µs
logger=migrator t=2026-04-27T14:16:24.575194238Z level=info msg="Executing migration" id="create correlation table v1"
logger=migrator t=2026-04-27T14:16:24.575551687Z level=info msg="Migration successfully executed" id="create correlation table v1" duration=357.159µs
logger=migrator t=2026-04-27T14:16:24.580083539Z level=info msg="Executing migration" id="add index correlations.uid"
logger=migrator t=2026-04-27T14:16:24.580425468Z level=info msg="Migration successfully executed" id="add index correlations.uid" duration=341.809µs
logger=migrator t=2026-04-27T14:16:24.584884701Z level=info msg="Executing migration" id="add index correlations.source_uid"
logger=migrator t=2026-04-27T14:16:24.58521035Z level=info msg="Migration successfully executed" id="add index correlations.source_uid" duration=325.139µs
logger=migrator t=2026-04-27T14:16:24.589716922Z level=info msg="Executing migration" id="add correlation config column"
logger=migrator t=2026-04-27T14:16:24.59083314Z level=info msg="Migration successfully executed" id="add correlation config column" duration=1.142128ms
logger=migrator t=2026-04-27T14:16:24.595273623Z level=info msg="Executing migration" id="drop index IDX_correlation_uid - v1"
logger=migrator t=2026-04-27T14:16:24.595569842Z level=info msg="Migration successfully executed" id="drop index IDX_correlation_uid - v1" duration=296.109µs
logger=migrator t=2026-04-27T14:16:24.599995834Z level=info msg="Executing migration" id="drop index IDX_correlation_source_uid - v1"
logger=migrator t=2026-04-27T14:16:24.600369614Z level=info msg="Migration successfully executed" id="drop index IDX_correlation_source_uid - v1" duration=373.55µs
logger=migrator t=2026-04-27T14:16:24.604783316Z level=info msg="Executing migration" id="Rename table correlation to correlation_tmp_qwerty - v1"
logger=migrator t=2026-04-27T14:16:24.606974812Z level=info msg="Migration successfully executed" id="Rename table correlation to correlation_tmp_qwerty - v1" duration=2.191276ms
logger=migrator t=2026-04-27T14:16:24.611394355Z level=info msg="Executing migration" id="create correlation v2"
logger=migrator t=2026-04-27T14:16:24.611679324Z level=info msg="Migration successfully executed" id="create correlation v2" duration=284.889µs
logger=migrator t=2026-04-27T14:16:24.616089547Z level=info msg="Executing migration" id="create index IDX_correlation_uid - v2"
logger=migrator t=2026-04-27T14:16:24.616394316Z level=info msg="Migration successfully executed" id="create index IDX_correlation_uid - v2" duration=304.689µs
logger=migrator t=2026-04-27T14:16:24.621422067Z level=info msg="Executing migration" id="create index IDX_correlation_source_uid - v2"
logger=migrator t=2026-04-27T14:16:24.621829706Z level=info msg="Migration successfully executed" id="create index IDX_correlation_source_uid - v2" duration=407.239µs
logger=migrator t=2026-04-27T14:16:24.626777318Z level=info msg="Executing migration" id="create index IDX_correlation_org_id - v2"
logger=migrator t=2026-04-27T14:16:24.627156937Z level=info msg="Migration successfully executed" id="create index IDX_correlation_org_id - v2" duration=373.509µs
logger=migrator t=2026-04-27T14:16:24.631692089Z level=info msg="Executing migration" id="copy correlation v1 to v2"
logger=migrator t=2026-04-27T14:16:24.631778819Z level=info msg="Migration successfully executed" id="copy correlation v1 to v2" duration=87.04µs
logger=migrator t=2026-04-27T14:16:24.635488823Z level=info msg="Executing migration" id="drop correlation_tmp_qwerty"
logger=migrator t=2026-04-27T14:16:24.635796852Z level=info msg="Migration successfully executed" id="drop correlation_tmp_qwerty" duration=307.809µs
logger=migrator t=2026-04-27T14:16:24.640316644Z level=info msg="Executing migration" id="add provisioning column"
logger=migrator t=2026-04-27T14:16:24.641648952Z level=info msg="Migration successfully executed" id="add provisioning column" duration=1.341748ms
logger=migrator t=2026-04-27T14:16:24.646067204Z level=info msg="Executing migration" id="add type column"
logger=migrator t=2026-04-27T14:16:24.647082693Z level=info msg="Migration successfully executed" id="add type column" duration=1.015009ms
logger=migrator t=2026-04-27T14:16:24.651490235Z level=info msg="Executing migration" id="create entity_events table"
logger=migrator t=2026-04-27T14:16:24.651738854Z level=info msg="Migration successfully executed" id="create entity_events table" duration=248.449µs
logger=migrator t=2026-04-27T14:16:24.656194217Z level=info msg="Executing migration" id="create dashboard public config v1"
logger=migrator t=2026-04-27T14:16:24.656456576Z level=info msg="Migration successfully executed" id="create dashboard public config v1" duration=262.159µs
logger=migrator t=2026-04-27T14:16:24.660978638Z level=info msg="Executing migration" id="drop index UQE_dashboard_public_config_uid - v1"
logger=migrator t=2026-04-27T14:16:24.661091938Z level=warn msg="Skipping migration: Already executed, but not recorded in migration log" id="drop index UQE_dashboard_public_config_uid - v1"
logger=migrator t=2026-04-27T14:16:24.66560245Z level=info msg="Executing migration" id="drop index IDX_dashboard_public_config_org_id_dashboard_uid - v1"
logger=migrator t=2026-04-27T14:16:24.66573207Z level=warn msg="Skipping migration: Already executed, but not recorded in migration log" id="drop index IDX_dashboard_public_config_org_id_dashboard_uid - v1"
logger=migrator t=2026-04-27T14:16:24.669486754Z level=info msg="Executing migration" id="Drop old dashboard public config table"
logger=migrator t=2026-04-27T14:16:24.669796073Z level=info msg="Migration successfully executed" id="Drop old dashboard public config table" duration=303.509µs
logger=migrator t=2026-04-27T14:16:24.674179125Z level=info msg="Executing migration" id="recreate dashboard public config v1"
logger=migrator t=2026-04-27T14:16:24.674444105Z level=info msg="Migration successfully executed" id="recreate dashboard public config v1" duration=264.76µs
logger=migrator t=2026-04-27T14:16:24.678891987Z level=info msg="Executing migration" id="create index UQE_dashboard_public_config_uid - v1"
logger=migrator t=2026-04-27T14:16:24.679186187Z level=info msg="Migration successfully executed" id="create index UQE_dashboard_public_config_uid - v1" duration=302.86µs
logger=migrator t=2026-04-27T14:16:24.683690519Z level=info msg="Executing migration" id="create index IDX_dashboard_public_config_org_id_dashboard_uid - v1"
logger=migrator t=2026-04-27T14:16:24.683989198Z level=info msg="Migration successfully executed" id="create index IDX_dashboard_public_config_org_id_dashboard_uid - v1" duration=298.509µs
logger=migrator t=2026-04-27T14:16:24.687714882Z level=info msg="Executing migration" id="drop index UQE_dashboard_public_config_uid - v2"
logger=migrator t=2026-04-27T14:16:24.688038131Z level=info msg="Migration successfully executed" id="drop index UQE_dashboard_public_config_uid - v2" duration=323.149µs
logger=migrator t=2026-04-27T14:16:24.691776775Z level=info msg="Executing migration" id="drop index IDX_dashboard_public_config_org_id_dashboard_uid - v2"
logger=migrator t=2026-04-27T14:16:24.692099444Z level=info msg="Migration successfully executed" id="drop index IDX_dashboard_public_config_org_id_dashboard_uid - v2" duration=322.509µs
logger=migrator t=2026-04-27T14:16:24.695777668Z level=info msg="Executing migration" id="Drop public config table"
logger=migrator t=2026-04-27T14:16:24.696085997Z level=info msg="Migration successfully executed" id="Drop public config table" duration=307.969µs
logger=migrator t=2026-04-27T14:16:24.699801421Z level=info msg="Executing migration" id="Recreate dashboard public config v2"
logger=migrator t=2026-04-27T14:16:24.700081Z level=info msg="Migration successfully executed" id="Recreate dashboard public config v2" duration=279.569µs
logger=migrator t=2026-04-27T14:16:24.703789744Z level=info msg="Executing migration" id="create index UQE_dashboard_public_config_uid - v2"
logger=migrator t=2026-04-27T14:16:24.704074994Z level=info msg="Migration successfully executed" id="create index UQE_dashboard_public_config_uid - v2" duration=285.05µs
logger=migrator t=2026-04-27T14:16:24.707779107Z level=info msg="Executing migration" id="create index IDX_dashboard_public_config_org_id_dashboard_uid - v2"
logger=migrator t=2026-04-27T14:16:24.708076307Z level=info msg="Migration successfully executed" id="create index IDX_dashboard_public_config_org_id_dashboard_uid - v2" duration=297.01µs
logger=migrator t=2026-04-27T14:16:24.71177579Z level=info msg="Executing migration" id="create index UQE_dashboard_public_config_access_token - v2"
logger=migrator t=2026-04-27T14:16:24.71204898Z level=info msg="Migration successfully executed" id="create index UQE_dashboard_public_config_access_token - v2" duration=272.83µs
logger=migrator t=2026-04-27T14:16:24.715777443Z level=info msg="Executing migration" id="Rename table dashboard_public_config to dashboard_public - v2"
logger=migrator t=2026-04-27T14:16:24.718435279Z level=info msg="Migration successfully executed" id="Rename table dashboard_public_config to dashboard_public - v2" duration=2.653026ms
logger=migrator t=2026-04-27T14:16:24.722894901Z level=info msg="Executing migration" id="add annotations_enabled column"
logger=migrator t=2026-04-27T14:16:24.724106489Z level=info msg="Migration successfully executed" id="add annotations_enabled column" duration=1.217278ms
logger=migrator t=2026-04-27T14:16:24.728577201Z level=info msg="Executing migration" id="add time_selection_enabled column"
logger=migrator t=2026-04-27T14:16:24.729660589Z level=info msg="Migration successfully executed" id="add time_selection_enabled column" duration=1.083548ms
logger=migrator t=2026-04-27T14:16:24.734104141Z level=info msg="Executing migration" id="delete orphaned public dashboards"
logger=migrator t=2026-04-27T14:16:24.734188481Z level=info msg="Migration successfully executed" id="delete orphaned public dashboards" duration=84.96µs
logger=migrator t=2026-04-27T14:16:24.738711183Z level=info msg="Executing migration" id="add share column"
logger=migrator t=2026-04-27T14:16:24.739969801Z level=info msg="Migration successfully executed" id="add share column" duration=1.258498ms
logger=migrator t=2026-04-27T14:16:24.744375933Z level=info msg="Executing migration" id="backfill empty share column fields with default of public"
logger=migrator t=2026-04-27T14:16:24.744467003Z level=info msg="Migration successfully executed" id="backfill empty share column fields with default of public" duration=91.21µs
logger=migrator t=2026-04-27T14:16:24.748893825Z level=info msg="Executing migration" id="create file table"
logger=migrator t=2026-04-27T14:16:24.749139425Z level=info msg="Migration successfully executed" id="create file table" duration=245.5µs
logger=migrator t=2026-04-27T14:16:24.753927117Z level=info msg="Executing migration" id="file table idx: path natural pk"
logger=migrator t=2026-04-27T14:16:24.754292626Z level=info msg="Migration successfully executed" id="file table idx: path natural pk" duration=365.519µs
logger=migrator t=2026-04-27T14:16:24.758982988Z level=info msg="Executing migration" id="file table idx: parent_folder_path_hash fast folder retrieval"
logger=migrator t=2026-04-27T14:16:24.759325067Z level=info msg="Migration successfully executed" id="file table idx: parent_folder_path_hash fast folder retrieval" duration=342.089µs
logger=migrator t=2026-04-27T14:16:24.763888039Z level=info msg="Executing migration" id="create file_meta table"
logger=migrator t=2026-04-27T14:16:24.764120369Z level=info msg="Migration successfully executed" id="create file_meta table" duration=233.32µs
logger=migrator t=2026-04-27T14:16:24.768691341Z level=info msg="Executing migration" id="file table idx: path key"
logger=migrator t=2026-04-27T14:16:24.768979631Z level=info msg="Migration successfully executed" id="file table idx: path key" duration=288.07µs
logger=migrator t=2026-04-27T14:16:24.774000072Z level=info msg="Executing migration" id="set path collation in file table"
logger=migrator t=2026-04-27T14:16:24.774027732Z level=info msg="Migration successfully executed" id="set path collation in file table" duration=27.88µs
logger=migrator t=2026-04-27T14:16:24.778712184Z level=info msg="Executing migration" id="migrate contents column to mediumblob for MySQL"
logger=migrator t=2026-04-27T14:16:24.778727154Z level=info msg="Migration successfully executed" id="migrate contents column to mediumblob for MySQL" duration=15.44µs
logger=migrator t=2026-04-27T14:16:24.782469597Z level=info msg="Executing migration" id="drop my_row_id and add primary key to file table if my_row_id exists (auto-generated mysql column)"
logger=migrator t=2026-04-27T14:16:24.782553607Z level=warn msg="Skipping migration: Already executed, but not recorded in migration log" id="drop my_row_id and add primary key to file table if my_row_id exists (auto-generated mysql column)"
logger=migrator t=2026-04-27T14:16:24.787180609Z level=info msg="Executing migration" id="drop file_path unique index from file table if it exists (mysql)"
logger=migrator t=2026-04-27T14:16:24.787282699Z level=info msg="Migration successfully executed" id="drop file_path unique index from file table if it exists (mysql)" duration=97.64µs
logger=migrator t=2026-04-27T14:16:24.791798811Z level=info msg="Executing migration" id="add primary key to file table if it doesn't exist (mysql)"
logger=migrator t=2026-04-27T14:16:24.791815651Z level=info msg="Migration successfully executed" id="add primary key to file table if it doesn't exist (mysql)" duration=22.72µs
logger=migrator t=2026-04-27T14:16:24.795574034Z level=info msg="Executing migration" id="add primary key to file table (postgres and sqlite)"
logger=migrator t=2026-04-27T14:16:24.798578409Z level=info msg="Migration successfully executed" id="add primary key to file table (postgres and sqlite)" duration=3.004335ms
logger=migrator t=2026-04-27T14:16:24.80367274Z level=info msg="Executing migration" id="drop my_row_id and add primary key to file_meta table if my_row_id exists (auto-generated mysql column)"
logger=migrator t=2026-04-27T14:16:24.80377547Z level=warn msg="Skipping migration: Already executed, but not recorded in migration log" id="drop my_row_id and add primary key to file_meta table if my_row_id exists (auto-generated mysql column)"
logger=migrator t=2026-04-27T14:16:24.807590314Z level=info msg="Executing migration" id="drop file_path unique index from file_meta table if it exists (mysql)"
logger=migrator t=2026-04-27T14:16:24.807741123Z level=info msg="Migration successfully executed" id="drop file_path unique index from file_meta table if it exists (mysql)" duration=151.129µs
logger=migrator t=2026-04-27T14:16:24.811595827Z level=info msg="Executing migration" id="add primary key to file_meta table if it doesn't exist (mysql)"
logger=migrator t=2026-04-27T14:16:24.811610376Z level=info msg="Migration successfully executed" id="add primary key to file_meta table if it doesn't exist (mysql)" duration=14.929µs
logger=migrator t=2026-04-27T14:16:24.81551039Z level=info msg="Executing migration" id="add primary key to file_meta table (postgres and sqlite)"
logger=migrator t=2026-04-27T14:16:24.818405365Z level=info msg="Migration successfully executed" id="add primary key to file_meta table (postgres and sqlite)" duration=2.895105ms
logger=migrator t=2026-04-27T14:16:24.822883617Z level=info msg="Executing migration" id="managed permissions migration"
logger=migrator t=2026-04-27T14:16:24.823062037Z level=info msg="Migration successfully executed" id="managed permissions migration" duration=178.69µs
logger=migrator t=2026-04-27T14:16:24.827570239Z level=info msg="Executing migration" id="managed folder permissions alert actions migration"
logger=migrator t=2026-04-27T14:16:24.827646879Z level=info msg="Migration successfully executed" id="managed folder permissions alert actions migration" duration=76.98µs
logger=migrator t=2026-04-27T14:16:24.831364302Z level=info msg="Executing migration" id="RBAC action name migrator"
logger=migrator t=2026-04-27T14:16:24.831694052Z level=info msg="Migration successfully executed" id="RBAC action name migrator" duration=329.75µs
logger=migrator t=2026-04-27T14:16:24.835400085Z level=info msg="Executing migration" id="update group index for alert rules"
logger=migrator t=2026-04-27T14:16:24.835628425Z level=info msg="Migration successfully executed" id="update group index for alert rules" duration=228.8µs
logger=migrator t=2026-04-27T14:16:24.839495768Z level=info msg="Executing migration" id="managed folder permissions alert actions repeated migration"
logger=migrator t=2026-04-27T14:16:24.839577428Z level=info msg="Migration successfully executed" id="managed folder permissions alert actions repeated migration" duration=82.19µs
logger=migrator t=2026-04-27T14:16:24.8440672Z level=info msg="Executing migration" id="admin only folder/dashboard permission"
logger=migrator t=2026-04-27T14:16:24.84422741Z level=info msg="Migration successfully executed" id="admin only folder/dashboard permission" duration=155µs
logger=migrator t=2026-04-27T14:16:24.848692412Z level=info msg="Executing migration" id="add action column to seed_assignment"
logger=migrator t=2026-04-27T14:16:24.85002381Z level=info msg="Migration successfully executed" id="add action column to seed_assignment" duration=1.330818ms
logger=migrator t=2026-04-27T14:16:24.854601472Z level=info msg="Executing migration" id="add scope column to seed_assignment"
logger=migrator t=2026-04-27T14:16:24.85551847Z level=info msg="Migration successfully executed" id="add scope column to seed_assignment" duration=916.878µs
logger=migrator t=2026-04-27T14:16:24.859988283Z level=info msg="Executing migration" id="remove unique index builtin_role_role_name before nullable update"
logger=migrator t=2026-04-27T14:16:24.860320112Z level=info msg="Migration successfully executed" id="remove unique index builtin_role_role_name before nullable update" duration=331.929µs
logger=migrator t=2026-04-27T14:16:24.864874994Z level=info msg="Executing migration" id="update seed_assignment role_name column to nullable"
logger=migrator t=2026-04-27T14:16:24.87305996Z level=info msg="Migration successfully executed" id="update seed_assignment role_name column to nullable" duration=8.184976ms
logger=migrator t=2026-04-27T14:16:24.877892851Z level=info msg="Executing migration" id="add unique index builtin_role_name back"
logger=migrator t=2026-04-27T14:16:24.878273821Z level=info msg="Migration successfully executed" id="add unique index builtin_role_name back" duration=380.35µs
logger=migrator t=2026-04-27T14:16:24.882927483Z level=info msg="Executing migration" id="add unique index builtin_role_action_scope"
logger=migrator t=2026-04-27T14:16:24.883295742Z level=info msg="Migration successfully executed" id="add unique index builtin_role_action_scope" duration=369.539µs
logger=migrator t=2026-04-27T14:16:24.887807354Z level=info msg="Executing migration" id="add primary key to seed_assigment"
logger=migrator t=2026-04-27T14:16:24.890970439Z level=info msg="Migration successfully executed" id="add primary key to seed_assigment" duration=3.163365ms
logger=migrator t=2026-04-27T14:16:24.895469781Z level=info msg="Executing migration" id="add origin column to seed_assignment"
logger=migrator t=2026-04-27T14:16:24.896392119Z level=info msg="Migration successfully executed" id="add origin column to seed_assignment" duration=922.208µs
logger=migrator t=2026-04-27T14:16:24.900770152Z level=info msg="Executing migration" id="add origin to plugin seed_assignment"
logger=migrator t=2026-04-27T14:16:24.900870052Z level=info msg="Migration successfully executed" id="add origin to plugin seed_assignment" duration=100.2µs
logger=migrator t=2026-04-27T14:16:24.904579975Z level=info msg="Executing migration" id="prevent seeding OnCall access"
logger=migrator t=2026-04-27T14:16:24.904647815Z level=info msg="Migration successfully executed" id="prevent seeding OnCall access" duration=76.22µs
logger=migrator t=2026-04-27T14:16:24.908271319Z level=info msg="Executing migration" id="managed folder permissions alert actions repeated fixed migration"
logger=migrator t=2026-04-27T14:16:24.908346308Z level=info msg="Migration successfully executed" id="managed folder permissions alert actions repeated fixed migration" duration=75.099µs
logger=migrator t=2026-04-27T14:16:24.912893341Z level=info msg="Executing migration" id="managed folder permissions library panel actions migration"
logger=migrator t=2026-04-27T14:16:24.912973981Z level=info msg="Migration successfully executed" id="managed folder permissions library panel actions migration" duration=81.12µs
logger=migrator t=2026-04-27T14:16:24.917576242Z level=info msg="Executing migration" id="migrate external alertmanagers to datsourcse"
logger=migrator t=2026-04-27T14:16:24.917695932Z level=info msg="Migration successfully executed" id="migrate external alertmanagers to datsourcse" duration=119.9µs
logger=migrator t=2026-04-27T14:16:24.921481766Z level=info msg="Executing migration" id="create folder table"
logger=migrator t=2026-04-27T14:16:24.921768415Z level=info msg="Migration successfully executed" id="create folder table" duration=286.549µs
logger=migrator t=2026-04-27T14:16:24.926172698Z level=info msg="Executing migration" id="Add index for parent_uid"
logger=migrator t=2026-04-27T14:16:24.926478767Z level=info msg="Migration successfully executed" id="Add index for parent_uid" duration=305.939µs
logger=migrator t=2026-04-27T14:16:24.931076819Z level=info msg="Executing migration" id="Add unique index for folder.uid and folder.org_id"
logger=migrator t=2026-04-27T14:16:24.931359548Z level=info msg="Migration successfully executed" id="Add unique index for folder.uid and folder.org_id" duration=282.659µs
logger=migrator t=2026-04-27T14:16:24.9360049Z level=info msg="Executing migration" id="Update folder title length"
logger=migrator t=2026-04-27T14:16:24.93602659Z level=info msg="Migration successfully executed" id="Update folder title length" duration=22.34µs
logger=migrator t=2026-04-27T14:16:24.940617683Z level=info msg="Executing migration" id="Add unique index for folder.title and folder.parent_uid"
logger=migrator t=2026-04-27T14:16:24.940938952Z level=info msg="Migration successfully executed" id="Add unique index for folder.title and folder.parent_uid" duration=321.389µs
logger=migrator t=2026-04-27T14:16:24.944722495Z level=info msg="Executing migration" id="Remove unique index for folder.title and folder.parent_uid"
logger=migrator t=2026-04-27T14:16:24.945025305Z level=info msg="Migration successfully executed" id="Remove unique index for folder.title and folder.parent_uid" duration=302.87µs
logger=migrator t=2026-04-27T14:16:24.949691097Z level=info msg="Executing migration" id="Add unique index for title, parent_uid, and org_id"
logger=migrator t=2026-04-27T14:16:24.950083896Z level=info msg="Migration successfully executed" id="Add unique index for title, parent_uid, and org_id" duration=392.519µs
logger=migrator t=2026-04-27T14:16:24.954728948Z level=info msg="Executing migration" id="Sync dashboard and folder table"
logger=migrator t=2026-04-27T14:16:24.954924938Z level=info msg="Migration successfully executed" id="Sync dashboard and folder table" duration=196.12µs
logger=migrator t=2026-04-27T14:16:24.958591361Z level=info msg="Executing migration" id="Remove ghost folders from the folder table"
logger=migrator t=2026-04-27T14:16:24.958705051Z level=info msg="Migration successfully executed" id="Remove ghost folders from the folder table" duration=118.19µs
logger=migrator t=2026-04-27T14:16:24.962575004Z level=info msg="Executing migration" id="Remove unique index UQE_folder_uid_org_id"
logger=migrator t=2026-04-27T14:16:24.962872774Z level=info msg="Migration successfully executed" id="Remove unique index UQE_folder_uid_org_id" duration=297.73µs
logger=migrator t=2026-04-27T14:16:24.966588357Z level=info msg="Executing migration" id="Add unique index UQE_folder_org_id_uid"
logger=migrator t=2026-04-27T14:16:24.966934387Z level=info msg="Migration successfully executed" id="Add unique index UQE_folder_org_id_uid" duration=345.97µs
logger=migrator t=2026-04-27T14:16:24.97069117Z level=info msg="Executing migration" id="Remove unique index UQE_folder_title_parent_uid_org_id"
logger=migrator t=2026-04-27T14:16:24.97097451Z level=info msg="Migration successfully executed" id="Remove unique index UQE_folder_title_parent_uid_org_id" duration=283.36µs
logger=migrator t=2026-04-27T14:16:24.974698333Z level=info msg="Executing migration" id="Add unique index UQE_folder_org_id_parent_uid_title"
logger=migrator t=2026-04-27T14:16:24.974995443Z level=info msg="Migration successfully executed" id="Add unique index UQE_folder_org_id_parent_uid_title" duration=296.99µs
logger=migrator t=2026-04-27T14:16:24.978708976Z level=info msg="Executing migration" id="Remove index IDX_folder_parent_uid_org_id"
logger=migrator t=2026-04-27T14:16:24.979003856Z level=info msg="Migration successfully executed" id="Remove index IDX_folder_parent_uid_org_id" duration=295.66µs
logger=migrator t=2026-04-27T14:16:24.982875589Z level=info msg="Executing migration" id="Remove unique index UQE_folder_org_id_parent_uid_title"
logger=migrator t=2026-04-27T14:16:24.983091179Z level=info msg="Migration successfully executed" id="Remove unique index UQE_folder_org_id_parent_uid_title" duration=215.62µs
logger=migrator t=2026-04-27T14:16:24.986777562Z level=info msg="Executing migration" id="Add index IDX_folder_org_id_parent_uid"
logger=migrator t=2026-04-27T14:16:24.987077962Z level=info msg="Migration successfully executed" id="Add index IDX_folder_org_id_parent_uid" duration=300.31µs
logger=migrator t=2026-04-27T14:16:24.990792535Z level=info msg="Executing migration" id="create anon_device table"
logger=migrator t=2026-04-27T14:16:24.991033265Z level=info msg="Migration successfully executed" id="create anon_device table" duration=248.95µs
logger=migrator t=2026-04-27T14:16:24.994777888Z level=info msg="Executing migration" id="add unique index anon_device.device_id"
logger=migrator t=2026-04-27T14:16:24.995140158Z level=info msg="Migration successfully executed" id="add unique index anon_device.device_id" duration=352.55µs
logger=migrator t=2026-04-27T14:16:24.99969636Z level=info msg="Executing migration" id="add index anon_device.updated_at"
logger=migrator t=2026-04-27T14:16:25.000060049Z level=info msg="Migration successfully executed" id="add index anon_device.updated_at" duration=363.879µs
logger=migrator t=2026-04-27T14:16:25.003820712Z level=info msg="Executing migration" id="create signing_key table"
logger=migrator t=2026-04-27T14:16:25.004137542Z level=info msg="Migration successfully executed" id="create signing_key table" duration=316.26µs
logger=migrator t=2026-04-27T14:16:25.008585364Z level=info msg="Executing migration" id="add unique index signing_key.key_id"
logger=migrator t=2026-04-27T14:16:25.008955504Z level=info msg="Migration successfully executed" id="add unique index signing_key.key_id" duration=359.23µs
logger=migrator t=2026-04-27T14:16:25.012700377Z level=info msg="Executing migration" id="set legacy alert migration status in kvstore"
logger=migrator t=2026-04-27T14:16:25.013064406Z level=info msg="Migration successfully executed" id="set legacy alert migration status in kvstore" duration=364.089µs
logger=migrator t=2026-04-27T14:16:25.01678206Z level=info msg="Executing migration" id="migrate record of created folders during legacy migration to kvstore"
logger=migrator t=2026-04-27T14:16:25.01691626Z level=info msg="Migration successfully executed" id="migrate record of created folders during legacy migration to kvstore" duration=128.71µs
logger=migrator t=2026-04-27T14:16:25.020600853Z level=info msg="Executing migration" id="Add folder_uid for dashboard"
logger=migrator t=2026-04-27T14:16:25.022074331Z level=info msg="Migration successfully executed" id="Add folder_uid for dashboard" duration=1.473558ms
logger=migrator t=2026-04-27T14:16:25.026478783Z level=info msg="Executing migration" id="Populate dashboard folder_uid column"
logger=migrator t=2026-04-27T14:16:25.026661653Z level=info msg="Migration successfully executed" id="Populate dashboard folder_uid column" duration=183.52µs
logger=migrator t=2026-04-27T14:16:25.030382116Z level=info msg="Executing migration" id="Add unique index for dashboard_org_id_folder_uid_title"
logger=migrator t=2026-04-27T14:16:25.030402036Z level=info msg="Migration successfully executed" id="Add unique index for dashboard_org_id_folder_uid_title" duration=20.46µs
logger=migrator t=2026-04-27T14:16:25.035070438Z level=info msg="Executing migration" id="Delete unique index for dashboard_org_id_folder_id_title"
logger=migrator t=2026-04-27T14:16:25.035345998Z level=info msg="Migration successfully executed" id="Delete unique index for dashboard_org_id_folder_id_title" duration=275.57µs
logger=migrator t=2026-04-27T14:16:25.03978596Z level=info msg="Executing migration" id="Delete unique index for dashboard_org_id_folder_uid_title"
logger=migrator t=2026-04-27T14:16:25.03980158Z level=info msg="Migration successfully executed" id="Delete unique index for dashboard_org_id_folder_uid_title" duration=16.04µs
logger=migrator t=2026-04-27T14:16:25.043469864Z level=info msg="Executing migration" id="Add unique index for dashboard_org_id_folder_uid_title_is_folder"
logger=migrator t=2026-04-27T14:16:25.043798163Z level=info msg="Migration successfully executed" id="Add unique index for dashboard_org_id_folder_uid_title_is_folder" duration=328.149µs
logger=migrator t=2026-04-27T14:16:25.048197735Z level=info msg="Executing migration" id="Restore index for dashboard_org_id_folder_id_title"
logger=migrator t=2026-04-27T14:16:25.048493985Z level=info msg="Migration successfully executed" id="Restore index for dashboard_org_id_folder_id_title" duration=288.65µs
logger=migrator t=2026-04-27T14:16:25.053097987Z level=info msg="Executing migration" id="Remove unique index for dashboard_org_id_folder_uid_title_is_folder"
logger=migrator t=2026-04-27T14:16:25.053409916Z level=info msg="Migration successfully executed" id="Remove unique index for dashboard_org_id_folder_uid_title_is_folder" duration=321.269µs
logger=migrator t=2026-04-27T14:16:25.057886929Z level=info msg="Executing migration" id="create sso_setting table"
logger=migrator t=2026-04-27T14:16:25.058185868Z level=info msg="Migration successfully executed" id="create sso_setting table" duration=299.079µs
logger=migrator t=2026-04-27T14:16:25.06258362Z level=info msg="Executing migration" id="update settings column to MEDIUMTEXT"
logger=migrator t=2026-04-27T14:16:25.06264713Z level=info msg="Migration successfully executed" id="update settings column to MEDIUMTEXT" duration=57.54µs
logger=migrator t=2026-04-27T14:16:25.066378104Z level=info msg="Executing migration" id="copy kvstore migration status to each org"
logger=migrator t=2026-04-27T14:16:25.066719963Z level=info msg="Migration successfully executed" id="copy kvstore migration status to each org" duration=342.169µs
logger=migrator t=2026-04-27T14:16:25.071187645Z level=info msg="Executing migration" id="add back entry for orgid=0 migrated status"
logger=migrator t=2026-04-27T14:16:25.071292395Z level=info msg="Migration successfully executed" id="add back entry for orgid=0 migrated status" duration=105.61µs
logger=migrator t=2026-04-27T14:16:25.075674678Z level=info msg="Executing migration" id="managed dashboard permissions annotation actions migration"
logger=migrator t=2026-04-27T14:16:25.075879447Z level=info msg="Migration successfully executed" id="managed dashboard permissions annotation actions migration" duration=204.609µs
logger=migrator t=2026-04-27T14:16:25.079728231Z level=info msg="Executing migration" id="create cloud_migration table v1"
logger=migrator t=2026-04-27T14:16:25.07999127Z level=info msg="Migration successfully executed" id="create cloud_migration table v1" duration=263.169µs
logger=migrator t=2026-04-27T14:16:25.083781463Z level=info msg="Executing migration" id="create cloud_migration_run table v1"
logger=migrator t=2026-04-27T14:16:25.084020003Z level=info msg="Migration successfully executed" id="create cloud_migration_run table v1" duration=238.33µs
logger=migrator t=2026-04-27T14:16:25.087793216Z level=info msg="Executing migration" id="add stack_id column"
logger=migrator t=2026-04-27T14:16:25.089310854Z level=info msg="Migration successfully executed" id="add stack_id column" duration=1.516958ms
logger=migrator t=2026-04-27T14:16:25.093876306Z level=info msg="Executing migration" id="add region_slug column"
logger=migrator t=2026-04-27T14:16:25.095219764Z level=info msg="Migration successfully executed" id="add region_slug column" duration=1.343298ms
logger=migrator t=2026-04-27T14:16:25.099683166Z level=info msg="Executing migration" id="add cluster_slug column"
logger=migrator t=2026-04-27T14:16:25.100922024Z level=info msg="Migration successfully executed" id="add cluster_slug column" duration=1.238518ms
logger=migrator t=2026-04-27T14:16:25.105466166Z level=info msg="Executing migration" id="add migration uid column"
logger=migrator t=2026-04-27T14:16:25.106401064Z level=info msg="Migration successfully executed" id="add migration uid column" duration=934.888µs
logger=migrator t=2026-04-27T14:16:25.110797586Z level=info msg="Executing migration" id="Update uid column values for migration"
logger=migrator t=2026-04-27T14:16:25.110877496Z level=info msg="Migration successfully executed" id="Update uid column values for migration" duration=80.52µs
logger=migrator t=2026-04-27T14:16:25.11459127Z level=info msg="Executing migration" id="Add unique index migration_uid"
logger=migrator t=2026-04-27T14:16:25.114919199Z level=info msg="Migration successfully executed" id="Add unique index migration_uid" duration=344.979µs
logger=migrator t=2026-04-27T14:16:25.118711633Z level=info msg="Executing migration" id="add migration run uid column"
logger=migrator t=2026-04-27T14:16:25.119768171Z level=info msg="Migration successfully executed" id="add migration run uid column" duration=1.056648ms
logger=migrator t=2026-04-27T14:16:25.124176793Z level=info msg="Executing migration" id="Update uid column values for migration run"
logger=migrator t=2026-04-27T14:16:25.124247363Z level=info msg="Migration successfully executed" id="Update uid column values for migration run" duration=70.93µs
logger=migrator t=2026-04-27T14:16:25.128725235Z level=info msg="Executing migration" id="Add unique index migration_run_uid"
logger=migrator t=2026-04-27T14:16:25.129163004Z level=info msg="Migration successfully executed" id="Add unique index migration_run_uid" duration=431.449µs
logger=migrator t=2026-04-27T14:16:25.133902906Z level=info msg="Executing migration" id="Rename table cloud_migration to cloud_migration_session_tmp_qwerty - v1"
logger=migrator t=2026-04-27T14:16:25.13739431Z level=info msg="Migration successfully executed" id="Rename table cloud_migration to cloud_migration_session_tmp_qwerty - v1" duration=3.491414ms
logger=migrator t=2026-04-27T14:16:25.141914892Z level=info msg="Executing migration" id="create cloud_migration_session v2"
logger=migrator t=2026-04-27T14:16:25.142212502Z level=info msg="Migration successfully executed" id="create cloud_migration_session v2" duration=297.48µs
logger=migrator t=2026-04-27T14:16:25.146781674Z level=info msg="Executing migration" id="create index UQE_cloud_migration_session_uid - v2"
logger=migrator t=2026-04-27T14:16:25.147019524Z level=info msg="Migration successfully executed" id="create index UQE_cloud_migration_session_uid - v2" duration=238.13µs
logger=migrator t=2026-04-27T14:16:25.150704177Z level=info msg="Executing migration" id="copy cloud_migration_session v1 to v2"
logger=migrator t=2026-04-27T14:16:25.150861137Z level=info msg="Migration successfully executed" id="copy cloud_migration_session v1 to v2" duration=157.03µs
logger=migrator t=2026-04-27T14:16:25.15458522Z level=info msg="Executing migration" id="drop cloud_migration_session_tmp_qwerty"
logger=migrator t=2026-04-27T14:16:25.15493958Z level=info msg="Migration successfully executed" id="drop cloud_migration_session_tmp_qwerty" duration=353.94µs
logger=migrator t=2026-04-27T14:16:25.158707163Z level=info msg="Executing migration" id="Rename table cloud_migration_run to cloud_migration_snapshot_tmp_qwerty - v1"
logger=migrator t=2026-04-27T14:16:25.161618908Z level=info msg="Migration successfully executed" id="Rename table cloud_migration_run to cloud_migration_snapshot_tmp_qwerty - v1" duration=2.911765ms
logger=migrator t=2026-04-27T14:16:25.16608942Z level=info msg="Executing migration" id="create cloud_migration_snapshot v2"
logger=migrator t=2026-04-27T14:16:25.16635002Z level=info msg="Migration successfully executed" id="create cloud_migration_snapshot v2" duration=260.62µs
logger=migrator t=2026-04-27T14:16:25.170817512Z level=info msg="Executing migration" id="create index UQE_cloud_migration_snapshot_uid - v2"
logger=migrator t=2026-04-27T14:16:25.171185651Z level=info msg="Migration successfully executed" id="create index UQE_cloud_migration_snapshot_uid - v2" duration=367.959µs
logger=migrator t=2026-04-27T14:16:25.175807743Z level=info msg="Executing migration" id="copy cloud_migration_snapshot v1 to v2"
logger=migrator t=2026-04-27T14:16:25.175969873Z level=info msg="Migration successfully executed" id="copy cloud_migration_snapshot v1 to v2" duration=155.08µs
logger=migrator t=2026-04-27T14:16:25.179675677Z level=info msg="Executing migration" id="drop cloud_migration_snapshot_tmp_qwerty"
logger=migrator t=2026-04-27T14:16:25.179979416Z level=info msg="Migration successfully executed" id="drop cloud_migration_snapshot_tmp_qwerty" duration=303.719µs
logger=migrator t=2026-04-27T14:16:25.18366396Z level=info msg="Executing migration" id="add snapshot upload_url column"
logger=migrator t=2026-04-27T14:16:25.184853468Z level=info msg="Migration successfully executed" id="add snapshot upload_url column" duration=1.188918ms
logger=migrator t=2026-04-27T14:16:25.18928931Z level=info msg="Executing migration" id="add snapshot status column"
logger=migrator t=2026-04-27T14:16:25.190471188Z level=info msg="Migration successfully executed" id="add snapshot status column" duration=1.182058ms
logger=migrator t=2026-04-27T14:16:25.19488908Z level=info msg="Executing migration" id="add snapshot local_directory column"
logger=migrator t=2026-04-27T14:16:25.196161268Z level=info msg="Migration successfully executed" id="add snapshot local_directory column" duration=1.272358ms
logger=migrator t=2026-04-27T14:16:25.20057392Z level=info msg="Executing migration" id="add snapshot gms_snapshot_uid column"
logger=migrator t=2026-04-27T14:16:25.201890558Z level=info msg="Migration successfully executed" id="add snapshot gms_snapshot_uid column" duration=1.316348ms
logger=migrator t=2026-04-27T14:16:25.20627847Z level=info msg="Executing migration" id="add snapshot encryption_key column"
logger=migrator t=2026-04-27T14:16:25.207385739Z level=info msg="Migration successfully executed" id="add snapshot encryption_key column" duration=1.107229ms
logger=migrator t=2026-04-27T14:16:25.211770361Z level=info msg="Executing migration" id="add snapshot error_string column"
logger=migrator t=2026-04-27T14:16:25.212981879Z level=info msg="Migration successfully executed" id="add snapshot error_string column" duration=1.211488ms
logger=migrator t=2026-04-27T14:16:25.217382381Z level=info msg="Executing migration" id="create cloud_migration_resource table v1"
logger=migrator t=2026-04-27T14:16:25.217628051Z level=info msg="Migration successfully executed" id="create cloud_migration_resource table v1" duration=245.81µs
logger=migrator t=2026-04-27T14:16:25.222210793Z level=info msg="Executing migration" id="delete cloud_migration_snapshot.result column"
logger=migrator t=2026-04-27T14:16:25.226129176Z level=info msg="Migration successfully executed" id="delete cloud_migration_snapshot.result column" duration=3.918563ms
logger=migrator t=2026-04-27T14:16:25.230566028Z level=info msg="Executing migration" id="add cloud_migration_resource.name column"
logger=migrator t=2026-04-27T14:16:25.231811416Z level=info msg="Migration successfully executed" id="add cloud_migration_resource.name column" duration=1.245068ms
logger=migrator t=2026-04-27T14:16:25.236277508Z level=info msg="Executing migration" id="add cloud_migration_resource.parent_name column"
logger=migrator t=2026-04-27T14:16:25.237453226Z level=info msg="Migration successfully executed" id="add cloud_migration_resource.parent_name column" duration=1.175608ms
logger=migrator t=2026-04-27T14:16:25.241874168Z level=info msg="Executing migration" id="add cloud_migration_session.org_id column"
logger=migrator t=2026-04-27T14:16:25.243137766Z level=info msg="Migration successfully executed" id="add cloud_migration_session.org_id column" duration=1.263398ms
logger=migrator t=2026-04-27T14:16:25.247490669Z level=info msg="Executing migration" id="add cloud_migration_resource.error_code column"
logger=migrator t=2026-04-27T14:16:25.248763627Z level=info msg="Migration successfully executed" id="add cloud_migration_resource.error_code column" duration=1.272678ms
logger=migrator t=2026-04-27T14:16:25.253167589Z level=info msg="Executing migration" id="increase resource_uid column length"
logger=migrator t=2026-04-27T14:16:25.253182489Z level=info msg="Migration successfully executed" id="increase resource_uid column length" duration=15.06µs
logger=migrator t=2026-04-27T14:16:25.257711461Z level=info msg="Executing migration" id="create cloud_migration_snapshot_partition table v1"
logger=migrator t=2026-04-27T14:16:25.257994041Z level=info msg="Migration successfully executed" id="create cloud_migration_snapshot_partition table v1" duration=282.61µs
logger=migrator t=2026-04-27T14:16:25.261678614Z level=info msg="Executing migration" id="add cloud_migration_snapshot_partition srp_unique index"
logger=migrator t=2026-04-27T14:16:25.262074323Z level=info msg="Migration successfully executed" id="add cloud_migration_snapshot_partition srp_unique index" duration=395.659µs
logger=migrator t=2026-04-27T14:16:25.265779007Z level=info msg="Executing migration" id="add resource_storage_type column to cloud_migration_snapshot table"
logger=migrator t=2026-04-27T14:16:25.267034845Z level=info msg="Migration successfully executed" id="add resource_storage_type column to cloud_migration_snapshot table" duration=1.255848ms
logger=migrator t=2026-04-27T14:16:25.271351547Z level=info msg="Executing migration" id="add encryption_algo column to cloud_migration_snapshot table"
logger=migrator t=2026-04-27T14:16:25.272717765Z level=info msg="Migration successfully executed" id="add encryption_algo column to cloud_migration_snapshot table" duration=1.365648ms
logger=migrator t=2026-04-27T14:16:25.277076997Z level=info msg="Executing migration" id="add metadata column to cloud_migration_snapshot table"
logger=migrator t=2026-04-27T14:16:25.278210575Z level=info msg="Migration successfully executed" id="add metadata column to cloud_migration_snapshot table" duration=1.142638ms
logger=migrator t=2026-04-27T14:16:25.282567938Z level=info msg="Executing migration" id="add public_key column to cloud_migration_snapshot table"
logger=migrator t=2026-04-27T14:16:25.283913495Z level=info msg="Migration successfully executed" id="add public_key column to cloud_migration_snapshot table" duration=1.345407ms
logger=migrator t=2026-04-27T14:16:25.288285248Z level=info msg="Executing migration" id="drop my_row_id and add primary key with columns snapshot_uid,resource_type,partition_number to table cloud_migration_snapshot_partition if my_row_id exists (auto-generated mysql column)"
logger=migrator t=2026-04-27T14:16:25.288391558Z level=warn msg="Skipping migration: Already executed, but not recorded in migration log" id="drop my_row_id and add primary key with columns snapshot_uid,resource_type,partition_number to table cloud_migration_snapshot_partition if my_row_id exists (auto-generated mysql column)"
logger=migrator t=2026-04-27T14:16:25.294420777Z level=info msg="Executing migration" id="drop unique index UQE_cloud_migration_snapshot_partition_srp_unique from cloud_migration_snapshot_partition table if it exists (mysql)"
logger=migrator t=2026-04-27T14:16:25.294559647Z level=info msg="Migration successfully executed" id="drop unique index UQE_cloud_migration_snapshot_partition_srp_unique from cloud_migration_snapshot_partition table if it exists (mysql)" duration=139.36µs
logger=migrator t=2026-04-27T14:16:25.299053259Z level=info msg="Executing migration" id="add primary key with columns snapshot_uid,resource_type,partition_number to table cloud_migration_snapshot_partition if it doesn't exist (mysql)"
logger=migrator t=2026-04-27T14:16:25.299064629Z level=info msg="Migration successfully executed" id="add primary key with columns snapshot_uid,resource_type,partition_number to table cloud_migration_snapshot_partition if it doesn't exist (mysql)" duration=11.93µs
logger=migrator t=2026-04-27T14:16:25.303590821Z level=info msg="Executing migration" id="add primary key with columns snapshot_uid,resource_type,partition_number to table cloud_migration_snapshot_partition (postgres and sqlite)"
logger=migrator t=2026-04-27T14:16:25.306977265Z level=info msg="Migration successfully executed" id="add primary key with columns snapshot_uid,resource_type,partition_number to table cloud_migration_snapshot_partition (postgres and sqlite)" duration=3.386304ms
logger=migrator t=2026-04-27T14:16:25.311472667Z level=info msg="Executing migration" id="alter kv_store.value to longtext"
logger=migrator t=2026-04-27T14:16:25.311487817Z level=info msg="Migration successfully executed" id="alter kv_store.value to longtext" duration=15.63µs
logger=migrator t=2026-04-27T14:16:25.316123339Z level=info msg="Executing migration" id="add notification_settings column to alert_rule table"
logger=migrator t=2026-04-27T14:16:25.317562407Z level=info msg="Migration successfully executed" id="add notification_settings column to alert_rule table" duration=1.438588ms
logger=migrator t=2026-04-27T14:16:25.322085479Z level=info msg="Executing migration" id="add notification_settings column to alert_rule_version table"
logger=migrator t=2026-04-27T14:16:25.323375947Z level=info msg="Migration successfully executed" id="add notification_settings column to alert_rule_version table" duration=1.292998ms
logger=migrator t=2026-04-27T14:16:25.327763529Z level=info msg="Executing migration" id="removing scope from alert.instances:read action migration"
logger=migrator t=2026-04-27T14:16:25.327856519Z level=info msg="Migration successfully executed" id="removing scope from alert.instances:read action migration" duration=92.96µs
logger=migrator t=2026-04-27T14:16:25.331570323Z level=info msg="Executing migration" id="managed folder permissions alerting silences actions migration"
logger=migrator t=2026-04-27T14:16:25.331660572Z level=info msg="Migration successfully executed" id="managed folder permissions alerting silences actions migration" duration=90.529µs
logger=migrator t=2026-04-27T14:16:25.335475146Z level=info msg="Executing migration" id="add record column to alert_rule table"
logger=migrator t=2026-04-27T14:16:25.336690394Z level=info msg="Migration successfully executed" id="add record column to alert_rule table" duration=1.223738ms
logger=migrator t=2026-04-27T14:16:25.341087016Z level=info msg="Executing migration" id="add record column to alert_rule_version table"
logger=migrator t=2026-04-27T14:16:25.342352524Z level=info msg="Migration successfully executed" id="add record column to alert_rule_version table" duration=1.265218ms
logger=migrator t=2026-04-27T14:16:25.346775766Z level=info msg="Executing migration" id="add resolved_at column to alert_instance table"
logger=migrator t=2026-04-27T14:16:25.347986404Z level=info msg="Migration successfully executed" id="add resolved_at column to alert_instance table" duration=1.210698ms
logger=migrator t=2026-04-27T14:16:25.352473296Z level=info msg="Executing migration" id="add last_sent_at column to alert_instance table"
logger=migrator t=2026-04-27T14:16:25.353603154Z level=info msg="Migration successfully executed" id="add last_sent_at column to alert_instance table" duration=1.129948ms
logger=migrator t=2026-04-27T14:16:25.357970447Z level=info msg="Executing migration" id="Add scope to alert.notifications.receivers:read and alert.notifications.receivers.secrets:read"
logger=migrator t=2026-04-27T14:16:25.358078176Z level=info msg="Migration successfully executed" id="Add scope to alert.notifications.receivers:read and alert.notifications.receivers.secrets:read" duration=107.769µs
logger=migrator t=2026-04-27T14:16:25.362574619Z level=info msg="Executing migration" id="add metadata column to alert_rule table"
logger=migrator t=2026-04-27T14:16:25.363920026Z level=info msg="Migration successfully executed" id="add metadata column to alert_rule table" duration=1.345177ms
logger=migrator t=2026-04-27T14:16:25.368635818Z level=info msg="Executing migration" id="add metadata column to alert_rule_version table"
logger=migrator t=2026-04-27T14:16:25.369923216Z level=info msg="Migration successfully executed" id="add metadata column to alert_rule_version table" duration=1.287358ms
logger=migrator t=2026-04-27T14:16:25.374359018Z level=info msg="Executing migration" id="delete orphaned service account permissions"
logger=migrator t=2026-04-27T14:16:25.374439738Z level=info msg="Migration successfully executed" id="delete orphaned service account permissions" duration=77.43µs
logger=migrator t=2026-04-27T14:16:25.37886097Z level=info msg="Executing migration" id="adding action set permissions"
logger=migrator t=2026-04-27T14:16:25.37903049Z level=info msg="Migration successfully executed" id="adding action set permissions" duration=169.54µs
logger=migrator t=2026-04-27T14:16:25.382786903Z level=info msg="Executing migration" id="create user_external_session table"
logger=migrator t=2026-04-27T14:16:25.383056043Z level=info msg="Migration successfully executed" id="create user_external_session table" duration=268.97µs
logger=migrator t=2026-04-27T14:16:25.386809857Z level=info msg="Executing migration" id="increase name_id column length to 1024"
logger=migrator t=2026-04-27T14:16:25.386826897Z level=info msg="Migration successfully executed" id="increase name_id column length to 1024" duration=17.67µs
logger=migrator t=2026-04-27T14:16:25.39068853Z level=info msg="Executing migration" id="increase session_id column length to 1024"
logger=migrator t=2026-04-27T14:16:25.39071524Z level=info msg="Migration successfully executed" id="increase session_id column length to 1024" duration=17.26µs
logger=migrator t=2026-04-27T14:16:25.394512323Z level=info msg="Executing migration" id="remove scope from alert.notifications.receivers:create"
logger=migrator t=2026-04-27T14:16:25.394626533Z level=info msg="Migration successfully executed" id="remove scope from alert.notifications.receivers:create" duration=114.57µs
logger=migrator t=2026-04-27T14:16:25.398602896Z level=info msg="Executing migration" id="add created_by column to alert_rule_version table"
logger=migrator t=2026-04-27T14:16:25.400062724Z level=info msg="Migration successfully executed" id="add created_by column to alert_rule_version table" duration=1.460248ms
logger=migrator t=2026-04-27T14:16:25.404465226Z level=info msg="Executing migration" id="add updated_by column to alert_rule table"
logger=migrator t=2026-04-27T14:16:25.405775323Z level=info msg="Migration successfully executed" id="add updated_by column to alert_rule table" duration=1.309687ms
logger=migrator t=2026-04-27T14:16:25.410187336Z level=info msg="Executing migration" id="add alert_rule_state table"
logger=migrator t=2026-04-27T14:16:25.410423415Z level=info msg="Migration successfully executed" id="add alert_rule_state table" duration=235.849µs
logger=migrator t=2026-04-27T14:16:25.414878178Z level=info msg="Executing migration" id="add index to alert_rule_state on org_id and rule_uid columns"
logger=migrator t=2026-04-27T14:16:25.415174817Z level=info msg="Migration successfully executed" id="add index to alert_rule_state on org_id and rule_uid columns" duration=296.459µs
logger=migrator t=2026-04-27T14:16:25.419572179Z level=info msg="Executing migration" id="add guid column to alert_rule table"
logger=migrator t=2026-04-27T14:16:25.420754087Z level=info msg="Migration successfully executed" id="add guid column to alert_rule table" duration=1.177288ms
logger=migrator t=2026-04-27T14:16:25.42506917Z level=info msg="Executing migration" id="add rule_guid column to alert_rule_version table"
logger=migrator t=2026-04-27T14:16:25.426356748Z level=info msg="Migration successfully executed" id="add rule_guid column to alert_rule_version table" duration=1.287168ms
logger=migrator t=2026-04-27T14:16:25.43077261Z level=info msg="Executing migration" id="cleanup alert_rule_version table"
logger=migrator t=2026-04-27T14:16:25.43079686Z level=info msg="Rule version record limit is not set, fallback to 100" limit=0
logger=migrator t=2026-04-27T14:16:25.43087807Z level=info msg="Cleaning up table `alert_rule_version`" batchSize=50 batches=0 keepVersions=100
logger=migrator t=2026-04-27T14:16:25.43088845Z level=info msg="Migration successfully executed" id="cleanup alert_rule_version table" duration=116.02µs
logger=migrator t=2026-04-27T14:16:25.434690873Z level=info msg="Executing migration" id="populate rule guid in alert rule table"
logger=migrator t=2026-04-27T14:16:25.434854483Z level=info msg="Migration successfully executed" id="populate rule guid in alert rule table" duration=163.57µs
logger=migrator t=2026-04-27T14:16:25.438574136Z level=info msg="Executing migration" id="drop index in alert_rule_version table on rule_org_id, rule_uid and version columns"
logger=migrator t=2026-04-27T14:16:25.439053896Z level=info msg="Migration successfully executed" id="drop index in alert_rule_version table on rule_org_id, rule_uid and version columns" duration=479.61µs
logger=migrator t=2026-04-27T14:16:25.443776877Z level=info msg="Executing migration" id="add index in alert_rule_version table on rule_org_id, rule_uid, rule_guid and version columns"
logger=migrator t=2026-04-27T14:16:25.444087027Z level=info msg="Migration successfully executed" id="add index in alert_rule_version table on rule_org_id, rule_uid, rule_guid and version columns" duration=310.16µs
logger=migrator t=2026-04-27T14:16:25.448780949Z level=info msg="Executing migration" id="add index in alert_rule_version table on rule_guid and version columns"
logger=migrator t=2026-04-27T14:16:25.449133788Z level=info msg="Migration successfully executed" id="add index in alert_rule_version table on rule_guid and version columns" duration=352.369µs
logger=migrator t=2026-04-27T14:16:25.45381881Z level=info msg="Executing migration" id="add index in alert_rule table on guid columns"
logger=migrator t=2026-04-27T14:16:25.454145559Z level=info msg="Migration successfully executed" id="add index in alert_rule table on guid columns" duration=326.609µs
logger=migrator t=2026-04-27T14:16:25.458574642Z level=info msg="Executing migration" id="add keep_firing_for column to alert_rule"
logger=migrator t=2026-04-27T14:16:25.459909859Z level=info msg="Migration successfully executed" id="add keep_firing_for column to alert_rule" duration=1.327267ms
logger=migrator t=2026-04-27T14:16:25.464378082Z level=info msg="Executing migration" id="add keep_firing_for column to alert_rule_version"
logger=migrator t=2026-04-27T14:16:25.465661089Z level=info msg="Migration successfully executed" id="add keep_firing_for column to alert_rule_version" duration=1.288177ms
logger=migrator t=2026-04-27T14:16:25.470071282Z level=info msg="Executing migration" id="add missing_series_evals_to_resolve column to alert_rule"
logger=migrator t=2026-04-27T14:16:25.4712592Z level=info msg="Migration successfully executed" id="add missing_series_evals_to_resolve column to alert_rule" duration=1.186468ms
logger=migrator t=2026-04-27T14:16:25.475758592Z level=info msg="Executing migration" id="add missing_series_evals_to_resolve column to alert_rule_version"
logger=migrator t=2026-04-27T14:16:25.47672495Z level=info msg="Migration successfully executed" id="add missing_series_evals_to_resolve column to alert_rule_version" duration=966.348µs
logger=migrator t=2026-04-27T14:16:25.481167462Z level=info msg="Executing migration" id="remove the datasources:drilldown action"
logger=migrator t=2026-04-27T14:16:25.481251882Z level=info msg="Removed 0 datasources:drilldown permissions"
logger=migrator t=2026-04-27T14:16:25.481259602Z level=info msg="Migration successfully executed" id="remove the datasources:drilldown action" duration=92.41µs
logger=migrator t=2026-04-27T14:16:25.485672245Z level=info msg="Executing migration" id="remove title in folder unique index"
logger=migrator t=2026-04-27T14:16:25.485974414Z level=info msg="Migration successfully executed" id="remove title in folder unique index" duration=301.949µs
logger=migrator t=2026-04-27T14:16:25.489752938Z level=info msg="Executing migration" id="add fired_at column to alert_instance table"
logger=migrator t=2026-04-27T14:16:25.490976605Z level=info msg="Migration successfully executed" id="add fired_at column to alert_instance table" duration=1.223237ms
logger=migrator t=2026-04-27T14:16:25.495397588Z level=info msg="Executing migration" id="ensure rule_group column is case sensitive in returned results"
logger=migrator t=2026-04-27T14:16:25.495415208Z level=info msg="Migration successfully executed" id="ensure rule_group column is case sensitive in returned results" duration=18.16µs
logger=migrator t=2026-04-27T14:16:25.49995905Z level=info msg="Executing migration" id="expand created_by in alert_rule_version table"
logger=migrator t=2026-04-27T14:16:25.49999516Z level=info msg="Migration successfully executed" id="expand created_by in alert_rule_version table" duration=36.35µs
logger=migrator t=2026-04-27T14:16:25.503752873Z level=info msg="Executing migration" id="expand updated_by in alert_rule table"
logger=migrator t=2026-04-27T14:16:25.503779213Z level=info msg="Migration successfully executed" id="expand updated_by in alert_rule table" duration=26.73µs
logger=migrator t=2026-04-27T14:16:25.507477387Z level=info msg="Executing migration" id="add index in alert_rule on org_id, namespace_uid, rule_group and rule_group_idx columns"
logger=migrator t=2026-04-27T14:16:25.507813816Z level=info msg="Migration successfully executed" id="add index in alert_rule on org_id, namespace_uid, rule_group and rule_group_idx columns" duration=327.749µs
logger=migrator t=2026-04-27T14:16:25.512288668Z level=info msg="Executing migration" id="add annotations column to alert_instance table"
logger=migrator t=2026-04-27T14:16:25.513436506Z level=info msg="Migration successfully executed" id="add annotations column to alert_instance table" duration=1.148078ms
logger=migrator t=2026-04-27T14:16:25.517794559Z level=info msg="Executing migration" id="ensure namespace_uid column sorts the same way as golang"
logger=migrator t=2026-04-27T14:16:25.517811959Z level=info msg="Migration successfully executed" id="ensure namespace_uid column sorts the same way as golang" duration=18.15µs
logger=migrator t=2026-04-27T14:16:25.521689512Z level=info msg="Executing migration" id="ensure rule_group column sorts the same way as golang"
logger=migrator t=2026-04-27T14:16:25.521706682Z level=info msg="Migration successfully executed" id="ensure rule_group column sorts the same way as golang" duration=27.47µs
logger=migrator t=2026-04-27T14:16:25.525365046Z level=info msg="Executing migration" id="add 'alert.notifications.receivers.protected:write' to receiver admins"
logger=migrator t=2026-04-27T14:16:25.525504405Z level=info msg="Migration successfully executed" id="add 'alert.notifications.receivers.protected:write' to receiver admins" duration=139.489µs
logger=migrator t=2026-04-27T14:16:25.529960198Z level=info msg="Executing migration" id="add evaluation_duration_ns column to alert_instance table"
logger=migrator t=2026-04-27T14:16:25.531162916Z level=info msg="Migration successfully executed" id="add evaluation_duration_ns column to alert_instance table" duration=1.201818ms
logger=migrator t=2026-04-27T14:16:25.535584698Z level=info msg="Executing migration" id="add last_error column to alert_instance table"
logger=migrator t=2026-04-27T14:16:25.536881066Z level=info msg="Migration successfully executed" id="add last_error column to alert_instance table" duration=1.305568ms
logger=migrator t=2026-04-27T14:16:25.541270988Z level=info msg="Executing migration" id="add last_result column to alert_instance table"
logger=migrator t=2026-04-27T14:16:25.542539186Z level=info msg="Migration successfully executed" id="add last_result column to alert_instance table" duration=1.267838ms
logger=migrator t=2026-04-27T14:16:25.546976368Z level=info msg="Executing migration" id="add 'alert.notifications.receivers.test:create' to managed roles"
logger=migrator t=2026-04-27T14:16:25.547139138Z level=info msg="Migration successfully executed" id="add 'alert.notifications.receivers.test:create' to managed roles" duration=162.93µs
logger=migrator t=2026-04-27T14:16:25.55167924Z level=info msg="Executing migration" id="add folder_fullpath column to alert_rule"
logger=migrator t=2026-04-27T14:16:25.552863298Z level=info msg="Migration successfully executed" id="add folder_fullpath column to alert_rule" duration=1.184098ms
logger=migrator t=2026-04-27T14:16:25.55728638Z level=info msg="Executing migration" id="add index on folder_fullpath in alert_rule"
logger=migrator t=2026-04-27T14:16:25.557663509Z level=info msg="Migration successfully executed" id="add index on folder_fullpath in alert_rule" duration=364.479µs
logger=migrator t=2026-04-27T14:16:25.562264781Z level=info msg="Executing migration" id="add alert_routing column to alert_rule table"
logger=migrator t=2026-04-27T14:16:25.563541939Z level=info msg="Migration successfully executed" id="add alert_routing column to alert_rule table" duration=1.277138ms
logger=migrator t=2026-04-27T14:16:25.567956782Z level=info msg="Executing migration" id="add alert_routing column to alert_rule_version table"
logger=migrator t=2026-04-27T14:16:25.569287279Z level=info msg="Migration successfully executed" id="add alert_routing column to alert_rule_version table" duration=1.330057ms
logger=migrator t=2026-04-27T14:16:25.573678642Z level=info msg="Executing migration" id="grant basic roles access to default notification policy"
logger=migrator t=2026-04-27T14:16:25.573820801Z level=info msg="No managed roles found for editor/viewer, skipping default notification policy permissions"
logger=migrator t=2026-04-27T14:16:25.573830771Z level=info msg="Migration successfully executed" id="grant basic roles access to default notification policy" duration=152.589µs
logger=migrator t=2026-04-27T14:16:25.577454445Z level=info msg="migrations completed" performed=709 skipped=0 duration=3.364778309s
logger=migrator t=2026-04-27T14:16:25.577646435Z level=info msg="Unlocking database"
logger=sqlstore t=2026-04-27T14:16:25.582951696Z level=info msg="Created default admin" user=admin
logger=sqlstore t=2026-04-27T14:16:25.583015255Z level=info msg="Created default organization"
logger=secrets t=2026-04-27T14:16:25.587512808Z level=info msg="Envelope encryption state" currentprovider=secretKey.v1
logger=plugin.angulardetectorsprovider.dynamic t=2026-04-27T14:16:25.633353218Z level=info msg="Restored cache from database" duration=163.5µs
logger=accesscontrol.service t=2026-04-27T14:16:25.633806657Z level=info msg="Starting migration to remove deprecated permissions" migration=removeDeprecatedPermissions
logger=accesscontrol.service t=2026-04-27T14:16:25.633878517Z level=info msg="Completed migration to remove deprecated permissions" migration=removeDeprecatedPermissions totalRemoved=0 duration=72.09µs
logger=plugin.store t=2026-04-27T14:16:25.633930217Z level=info msg="Loading plugins..."
logger=plugins.registration t=2026-04-27T14:16:25.727506804Z level=info msg="Plugin registered" pluginId=elasticsearch
logger=plugin.store t=2026-04-27T14:16:25.727566194Z level=info msg="Plugins loaded" count=52 duration=93.636217ms
logger=authz-grpc-server t=2026-04-27T14:16:25.727722524Z level=info msg="cache ttl is 0, using noop cache"
logger=authz-grpc-server t=2026-04-27T14:16:25.727732584Z level=info msg="cache ttl is 0, using noop cache"
logger=authz-grpc-server t=2026-04-27T14:16:25.727738694Z level=info msg="cache ttl is 0, using noop cache"
logger=authz-grpc-server t=2026-04-27T14:16:25.727744584Z level=info msg="cache ttl is 0, using noop cache"
logger=authz-grpc-server t=2026-04-27T14:16:25.727750274Z level=info msg="cache ttl is 0, using noop cache"
logger=secret-migrator t=2026-04-27T14:16:25.727959583Z level=info msg="Locking database"
logger=secret-migrator t=2026-04-27T14:16:25.727968243Z level=info msg="Starting DB migrations"
logger=secret-migrator t=2026-04-27T14:16:25.728725272Z level=info msg="Executing migration" id="create secret_migration_log table"
logger=secret-migrator t=2026-04-27T14:16:25.728928702Z level=info msg="Migration successfully executed" id="create secret_migration_log table" duration=203.34µs
logger=secret-migrator t=2026-04-27T14:16:25.734871471Z level=info msg="Executing migration" id="Initialize secrets tables"
logger=secret-migrator t=2026-04-27T14:16:25.734887291Z level=info msg="Migration successfully executed" id="Initialize secrets tables" duration=15.95µs
logger=secret-migrator t=2026-04-27T14:16:25.738774085Z level=info msg="Executing migration" id="drop table secret_secure_value"
logger=secret-migrator t=2026-04-27T14:16:25.738827544Z level=info msg="Migration successfully executed" id="drop table secret_secure_value" duration=54.889µs
logger=secret-migrator t=2026-04-27T14:16:25.742681018Z level=info msg="Executing migration" id="create table secret_secure_value"
logger=secret-migrator t=2026-04-27T14:16:25.742978467Z level=info msg="Migration successfully executed" id="create table secret_secure_value" duration=297.119µs
logger=secret-migrator t=2026-04-27T14:16:25.746767841Z level=info msg="Executing migration" id="create table secret_secure_value, index: 0"
logger=secret-migrator t=2026-04-27T14:16:25.74706984Z level=info msg="Migration successfully executed" id="create table secret_secure_value, index: 0" duration=301.849µs
logger=secret-migrator t=2026-04-27T14:16:25.750864503Z level=info msg="Executing migration" id="create table secret_secure_value, index: 1"
logger=secret-migrator t=2026-04-27T14:16:25.751152253Z level=info msg="Migration successfully executed" id="create table secret_secure_value, index: 1" duration=287.56µs
logger=secret-migrator t=2026-04-27T14:16:25.755680605Z level=info msg="Executing migration" id="drop table secret_keeper"
logger=secret-migrator t=2026-04-27T14:16:25.755734395Z level=info msg="Migration successfully executed" id="drop table secret_keeper" duration=53.81µs
logger=secret-migrator t=2026-04-27T14:16:25.759565888Z level=info msg="Executing migration" id="create table secret_keeper"
logger=secret-migrator t=2026-04-27T14:16:25.759924558Z level=info msg="Migration successfully executed" id="create table secret_keeper" duration=357.95µs
logger=secret-migrator t=2026-04-27T14:16:25.764909219Z level=info msg="Executing migration" id="create table secret_keeper, index: 0"
logger=secret-migrator t=2026-04-27T14:16:25.765218239Z level=info msg="Migration successfully executed" id="create table secret_keeper, index: 0" duration=309.02µs
logger=secret-migrator t=2026-04-27T14:16:25.76998312Z level=info msg="Executing migration" id="drop table secret_data_key"
logger=secret-migrator t=2026-04-27T14:16:25.77003599Z level=info msg="Migration successfully executed" id="drop table secret_data_key" duration=53.25µs
logger=secret-migrator t=2026-04-27T14:16:25.774668672Z level=info msg="Executing migration" id="create table secret_data_key"
logger=secret-migrator t=2026-04-27T14:16:25.774960812Z level=info msg="Migration successfully executed" id="create table secret_data_key" duration=292.01µs
logger=secret-migrator t=2026-04-27T14:16:25.778860175Z level=info msg="Executing migration" id="drop table secret_encrypted_value"
logger=secret-migrator t=2026-04-27T14:16:25.778916205Z level=info msg="Migration successfully executed" id="drop table secret_encrypted_value" duration=55.74µs
logger=secret-migrator t=2026-04-27T14:16:25.783786526Z level=info msg="Executing migration" id="create table secret_encrypted_value"
logger=secret-migrator t=2026-04-27T14:16:25.784020236Z level=info msg="Migration successfully executed" id="create table secret_encrypted_value" duration=233.5µs
logger=secret-migrator t=2026-04-27T14:16:25.787893579Z level=info msg="Executing migration" id="create table secret_encrypted_value, index: 0"
logger=secret-migrator t=2026-04-27T14:16:25.788190939Z level=info msg="Migration successfully executed" id="create table secret_encrypted_value, index: 0" duration=297.12µs
logger=secret-migrator t=2026-04-27T14:16:25.792914471Z level=info msg="Executing migration" id="create index for list on secret_secure_value"
logger=secret-migrator t=2026-04-27T14:16:25.79322281Z level=info msg="Migration successfully executed" id="create index for list on secret_secure_value" duration=307.389µs
logger=secret-migrator t=2026-04-27T14:16:25.797768702Z level=info msg="Executing migration" id="create index for list and read current on secret_data_key"
logger=secret-migrator t=2026-04-27T14:16:25.798064062Z level=info msg="Migration successfully executed" id="create index for list and read current on secret_data_key" duration=295.3µs
logger=secret-migrator t=2026-04-27T14:16:25.801760945Z level=info msg="Executing migration" id="add owner_reference_api_group column to secret_secure_value"
logger=secret-migrator t=2026-04-27T14:16:25.803166313Z level=info msg="Migration successfully executed" id="add owner_reference_api_group column to secret_secure_value" duration=1.404968ms
logger=secret-migrator t=2026-04-27T14:16:25.807562905Z level=info msg="Executing migration" id="add owner_reference_api_version column to secret_secure_value"
logger=secret-migrator t=2026-04-27T14:16:25.809160462Z level=info msg="Migration successfully executed" id="add owner_reference_api_version column to secret_secure_value" duration=1.596307ms
logger=secret-migrator t=2026-04-27T14:16:25.813842774Z level=info msg="Executing migration" id="add owner_reference_kind column to secret_secure_value"
logger=secret-migrator t=2026-04-27T14:16:25.815400201Z level=info msg="Migration successfully executed" id="add owner_reference_kind column to secret_secure_value" duration=1.558177ms
logger=secret-migrator t=2026-04-27T14:16:25.819980153Z level=info msg="Executing migration" id="add owner_reference_name column to secret_secure_value"
logger=secret-migrator t=2026-04-27T14:16:25.821339201Z level=info msg="Migration successfully executed" id="add owner_reference_name column to secret_secure_value" duration=1.359378ms
logger=secret-migrator t=2026-04-27T14:16:25.825863593Z level=info msg="Executing migration" id="add lease_token column to secret_secure_value"
logger=secret-migrator t=2026-04-27T14:16:25.827363521Z level=info msg="Migration successfully executed" id="add lease_token column to secret_secure_value" duration=1.499548ms
logger=secret-migrator t=2026-04-27T14:16:25.831999293Z level=info msg="Executing migration" id="add lease_token index to secret_secure_value"
logger=secret-migrator t=2026-04-27T14:16:25.832359742Z level=info msg="Migration successfully executed" id="add lease_token index to secret_secure_value" duration=360.279µs
logger=secret-migrator t=2026-04-27T14:16:25.836973354Z level=info msg="Executing migration" id="add lease_created column to secret_secure_value"
logger=secret-migrator t=2026-04-27T14:16:25.838342042Z level=info msg="Migration successfully executed" id="add lease_created column to secret_secure_value" duration=1.366728ms
logger=secret-migrator t=2026-04-27T14:16:25.842770344Z level=info msg="Executing migration" id="add lease_created index to secret_secure_value"
logger=secret-migrator t=2026-04-27T14:16:25.843107053Z level=info msg="Migration successfully executed" id="add lease_created index to secret_secure_value" duration=336.679µs
logger=secret-migrator t=2026-04-27T14:16:25.846821537Z level=info msg="Executing migration" id="add data_key_id column to secret_encrypted_value"
logger=secret-migrator t=2026-04-27T14:16:25.848120295Z level=info msg="Migration successfully executed" id="add data_key_id column to secret_encrypted_value" duration=1.298578ms
logger=secret-migrator t=2026-04-27T14:16:25.852610227Z level=info msg="Executing migration" id="add data_key_id index to secret_encrypted_value"
logger=secret-migrator t=2026-04-27T14:16:25.852942096Z level=info msg="Migration successfully executed" id="add data_key_id index to secret_encrypted_value" duration=332.899µs
logger=secret-migrator t=2026-04-27T14:16:25.856768919Z level=info msg="Executing migration" id="add active column to secret_keeper"
logger=secret-migrator t=2026-04-27T14:16:25.858240517Z level=info msg="Migration successfully executed" id="add active column to secret_keeper" duration=1.471178ms
logger=secret-migrator t=2026-04-27T14:16:25.862846689Z level=info msg="Executing migration" id="add active column index to secret_keeper"
logger=secret-migrator t=2026-04-27T14:16:25.863159828Z level=info msg="Migration successfully executed" id="add active column index to secret_keeper" duration=313.139µs
logger=secret-migrator t=2026-04-27T14:16:25.86789813Z level=info msg="Executing migration" id="set secret_secure_value.keeper to 'system' where keeper is null in secret_secure_value"
logger=secret-migrator t=2026-04-27T14:16:25.86797063Z level=info msg="Migration successfully executed" id="set secret_secure_value.keeper to 'system' where keeper is null in secret_secure_value" duration=73.03µs
logger=secret-migrator t=2026-04-27T14:16:25.872569802Z level=info msg="Executing migration" id="drop my_row_id and add primary key with columns namespace,name,version to table secret_encrypted_value if my_row_id exists (auto-generated mysql column)"
logger=secret-migrator t=2026-04-27T14:16:25.872681362Z level=warn msg="Skipping migration: Already executed, but not recorded in migration log" id="drop my_row_id and add primary key with columns namespace,name,version to table secret_encrypted_value if my_row_id exists (auto-generated mysql column)"
logger=secret-migrator t=2026-04-27T14:16:25.876356355Z level=info msg="Executing migration" id="drop unique index UQE_secret_encrypted_value_namespace_name_version from secret_encrypted_value table if it exists (mysql)"
logger=secret-migrator t=2026-04-27T14:16:25.876480305Z level=info msg="Migration successfully executed" id="drop unique index UQE_secret_encrypted_value_namespace_name_version from secret_encrypted_value table if it exists (mysql)" duration=124.25µs
logger=secret-migrator t=2026-04-27T14:16:25.880952087Z level=info msg="Executing migration" id="add primary key with columns namespace,name,version to table secret_encrypted_value if it doesn't exist (mysql)"
logger=secret-migrator t=2026-04-27T14:16:25.880966857Z level=info msg="Migration successfully executed" id="add primary key with columns namespace,name,version to table secret_encrypted_value if it doesn't exist (mysql)" duration=14.81µs
logger=secret-migrator t=2026-04-27T14:16:25.884706371Z level=info msg="Executing migration" id="add primary key with columns namespace,name,version to table secret_encrypted_value (postgres and sqlite)"
logger=secret-migrator t=2026-04-27T14:16:25.888216455Z level=info msg="Migration successfully executed" id="add primary key with columns namespace,name,version to table secret_encrypted_value (postgres and sqlite)" duration=3.510294ms
logger=secret-migrator t=2026-04-27T14:16:25.893090086Z level=info msg="migrations completed" performed=33 skipped=0 duration=164.382344ms
logger=secret-migrator t=2026-04-27T14:16:25.893241556Z level=info msg="Unlocking database"
logger=resource-db t=2026-04-27T14:16:25.894936893Z level=info msg="Using database section" db_type=sqlite3
logger=resource-db t=2026-04-27T14:16:25.894976083Z level=info msg="Initializing Resource DB" db_type=sqlite3 open_conn=0 in_use_conn=0 idle_conn=0 max_open_conn=0
logger=resource-migrator t=2026-04-27T14:16:25.895181283Z level=info msg="Locking database"
logger=resource-migrator t=2026-04-27T14:16:25.895189163Z level=info msg="Starting DB migrations"
logger=resource-migrator t=2026-04-27T14:16:25.896449321Z level=info msg="Executing migration" id="create resource_migration_log table"
logger=resource-migrator t=2026-04-27T14:16:25.89666009Z level=info msg="Migration successfully executed" id="create resource_migration_log table" duration=210.719µs
logger=resource-migrator t=2026-04-27T14:16:25.901060703Z level=info msg="Executing migration" id="Initialize resource tables"
logger=resource-migrator t=2026-04-27T14:16:25.901074993Z level=info msg="Migration successfully executed" id="Initialize resource tables" duration=14.79µs
logger=resource-migrator t=2026-04-27T14:16:25.905561035Z level=info msg="Executing migration" id="drop table resource"
logger=resource-migrator t=2026-04-27T14:16:25.905612365Z level=info msg="Migration successfully executed" id="drop table resource" duration=51.61µs
logger=resource-migrator t=2026-04-27T14:16:25.909365158Z level=info msg="Executing migration" id="create table resource"
logger=resource-migrator t=2026-04-27T14:16:25.909710757Z level=info msg="Migration successfully executed" id="create table resource" duration=345.439µs
logger=resource-migrator t=2026-04-27T14:16:25.91426797Z level=info msg="Executing migration" id="create table resource, index: 0"
logger=resource-migrator t=2026-04-27T14:16:25.914593669Z level=info msg="Migration successfully executed" id="create table resource, index: 0" duration=324.809µs
logger=resource-migrator t=2026-04-27T14:16:25.919262861Z level=info msg="Executing migration" id="drop table resource_history"
logger=resource-migrator t=2026-04-27T14:16:25.919319611Z level=info msg="Migration successfully executed" id="drop table resource_history" duration=57.3µs
logger=resource-migrator t=2026-04-27T14:16:25.923883533Z level=info msg="Executing migration" id="create table resource_history"
logger=resource-migrator t=2026-04-27T14:16:25.924182022Z level=info msg="Migration successfully executed" id="create table resource_history" duration=298.779µs
logger=resource-migrator t=2026-04-27T14:16:25.928563325Z level=info msg="Executing migration" id="create table resource_history, index: 0"
logger=resource-migrator t=2026-04-27T14:16:25.929043664Z level=info msg="Migration successfully executed" id="create table resource_history, index: 0" duration=480.129µs
logger=resource-migrator t=2026-04-27T14:16:25.932902217Z level=info msg="Executing migration" id="create table resource_history, index: 1"
logger=resource-migrator t=2026-04-27T14:16:25.933284016Z level=info msg="Migration successfully executed" id="create table resource_history, index: 1" duration=381.819µs
logger=resource-migrator t=2026-04-27T14:16:25.937777359Z level=info msg="Executing migration" id="drop table resource_version"
logger=resource-migrator t=2026-04-27T14:16:25.937830139Z level=info msg="Migration successfully executed" id="drop table resource_version" duration=53.31µs
logger=resource-migrator t=2026-04-27T14:16:25.941564142Z level=info msg="Executing migration" id="create table resource_version"
logger=resource-migrator t=2026-04-27T14:16:25.941816922Z level=info msg="Migration successfully executed" id="create table resource_version" duration=253.44µs
logger=resource-migrator t=2026-04-27T14:16:25.946364044Z level=info msg="Executing migration" id="create table resource_version, index: 0"
logger=resource-migrator t=2026-04-27T14:16:25.946685313Z level=info msg="Migration successfully executed" id="create table resource_version, index: 0" duration=321.299µs
logger=resource-migrator t=2026-04-27T14:16:25.951056666Z level=info msg="Executing migration" id="drop table resource_blob"
logger=resource-migrator t=2026-04-27T14:16:25.951107465Z level=info msg="Migration successfully executed" id="drop table resource_blob" duration=50.959µs
logger=resource-migrator t=2026-04-27T14:16:25.955566628Z level=info msg="Executing migration" id="create table resource_blob"
logger=resource-migrator t=2026-04-27T14:16:25.955856567Z level=info msg="Migration successfully executed" id="create table resource_blob" duration=289.619µs
logger=resource-migrator t=2026-04-27T14:16:25.959564961Z level=info msg="Executing migration" id="create table resource_blob, index: 0"
logger=resource-migrator t=2026-04-27T14:16:25.9598876Z level=info msg="Migration successfully executed" id="create table resource_blob, index: 0" duration=322.429µs
logger=resource-migrator t=2026-04-27T14:16:25.963560464Z level=info msg="Executing migration" id="create table resource_blob, index: 1"
logger=resource-migrator t=2026-04-27T14:16:25.963867093Z level=info msg="Migration successfully executed" id="create table resource_blob, index: 1" duration=306.529µs
logger=resource-migrator t=2026-04-27T14:16:25.967560347Z level=info msg="Executing migration" id="drop table resource_last_import_time"
logger=resource-migrator t=2026-04-27T14:16:25.967609957Z level=info msg="Migration successfully executed" id="drop table resource_last_import_time" duration=49.55µs
logger=resource-migrator t=2026-04-27T14:16:25.97136621Z level=info msg="Executing migration" id="create table resource_last_import_time"
logger=resource-migrator t=2026-04-27T14:16:25.9716678Z level=info msg="Migration successfully executed" id="create table resource_last_import_time" duration=301.36µs
logger=resource-migrator t=2026-04-27T14:16:25.976063392Z level=info msg="Executing migration" id="Add column previous_resource_version in resource_history"
logger=resource-migrator t=2026-04-27T14:16:25.97749969Z level=info msg="Migration successfully executed" id="Add column previous_resource_version in resource_history" duration=1.436498ms
logger=resource-migrator t=2026-04-27T14:16:25.981860272Z level=info msg="Executing migration" id="Add column previous_resource_version in resource"
logger=resource-migrator t=2026-04-27T14:16:25.98328021Z level=info msg="Migration successfully executed" id="Add column previous_resource_version in resource" duration=1.419838ms
logger=resource-migrator t=2026-04-27T14:16:25.987702382Z level=info msg="Executing migration" id="Add index to resource_history for polling"
logger=resource-migrator t=2026-04-27T14:16:25.988039551Z level=info msg="Migration successfully executed" id="Add index to resource_history for polling" duration=336.469µs
logger=resource-migrator t=2026-04-27T14:16:25.991766015Z level=info msg="Executing migration" id="Add index to resource for loading"
logger=resource-migrator t=2026-04-27T14:16:25.992093634Z level=info msg="Migration successfully executed" id="Add index to resource for loading" duration=327.549µs
logger=resource-migrator t=2026-04-27T14:16:25.996667066Z level=info msg="Executing migration" id="Add column folder in resource_history"
logger=resource-migrator t=2026-04-27T14:16:25.998030024Z level=info msg="Migration successfully executed" id="Add column folder in resource_history" duration=1.362928ms
logger=resource-migrator t=2026-04-27T14:16:26.003869264Z level=info msg="Executing migration" id="Add column folder in resource"
logger=resource-migrator t=2026-04-27T14:16:26.005239901Z level=info msg="Migration successfully executed" id="Add column folder in resource" duration=1.370767ms
logger=resource-migrator t=2026-04-27T14:16:26.009669744Z level=info msg="Executing migration" id="Migrate DeletionMarkers to real Resource objects"
logger=deletion-marker-migrator t=2026-04-27T14:16:26.009689184Z level=info msg="finding any deletion markers"
logger=resource-migrator t=2026-04-27T14:16:26.009814003Z level=info msg="Migration successfully executed" id="Migrate DeletionMarkers to real Resource objects" duration=144.369µs
logger=resource-migrator t=2026-04-27T14:16:26.013557067Z level=info msg="Executing migration" id="Add index to resource_history for get trash"
logger=resource-migrator t=2026-04-27T14:16:26.013900496Z level=info msg="Migration successfully executed" id="Add index to resource_history for get trash" duration=343.219µs
logger=resource-migrator t=2026-04-27T14:16:26.01768042Z level=info msg="Executing migration" id="Add generation to resource history"
logger=resource-migrator t=2026-04-27T14:16:26.019224207Z level=info msg="Migration successfully executed" id="Add generation to resource history" duration=1.544357ms
logger=resource-migrator t=2026-04-27T14:16:26.023680269Z level=info msg="Executing migration" id="Add generation index to resource history"
logger=resource-migrator t=2026-04-27T14:16:26.024030369Z level=info msg="Migration successfully executed" id="Add generation index to resource history" duration=349.93µs
logger=resource-migrator t=2026-04-27T14:16:26.027760152Z level=info msg="Executing migration" id="Add UQE_resource_last_import_time_last_import_time index"
logger=resource-migrator t=2026-04-27T14:16:26.028089072Z level=info msg="Migration successfully executed" id="Add UQE_resource_last_import_time_last_import_time index" duration=328.72µs
logger=resource-migrator t=2026-04-27T14:16:26.031764845Z level=info msg="Executing migration" id="Add key_path column to resource_history"
logger=resource-migrator t=2026-04-27T14:16:26.033053303Z level=info msg="Migration successfully executed" id="Add key_path column to resource_history" duration=1.287608ms
logger=resource-migrator t=2026-04-27T14:16:26.037457925Z level=info msg="Executing migration" id="create table resource_events"
logger=resource-migrator t=2026-04-27T14:16:26.037737295Z level=info msg="Migration successfully executed" id="create table resource_events" duration=279.1µs
logger=resource-migrator t=2026-04-27T14:16:26.042264147Z level=info msg="Executing migration" id="Add IDX_resource_history_key_path index"
logger=resource-migrator t=2026-04-27T14:16:26.042581556Z level=info msg="Migration successfully executed" id="Add IDX_resource_history_key_path index" duration=317.32µs
logger=resource-migrator t=2026-04-27T14:16:26.046954709Z level=info msg="Executing migration" id="drop my_row_id and add primary key with columns group,resource to table resource_version if my_row_id exists (auto-generated mysql column)"
logger=resource-migrator t=2026-04-27T14:16:26.047037229Z level=warn msg="Skipping migration: Already executed, but not recorded in migration log" id="drop my_row_id and add primary key with columns group,resource to table resource_version if my_row_id exists (auto-generated mysql column)"
logger=resource-migrator t=2026-04-27T14:16:26.050757092Z level=info msg="Executing migration" id="drop unique index UQE_resource_version_group_resource from resource_version table if it exists (mysql)"
logger=resource-migrator t=2026-04-27T14:16:26.050880542Z level=info msg="Migration successfully executed" id="drop unique index UQE_resource_version_group_resource from resource_version table if it exists (mysql)" duration=123.63µs
logger=resource-migrator t=2026-04-27T14:16:26.054562706Z level=info msg="Executing migration" id="add primary key with columns group,resource to table resource_version if it doesn't exist (mysql)"
logger=resource-migrator t=2026-04-27T14:16:26.054578146Z level=info msg="Migration successfully executed" id="add primary key with columns group,resource to table resource_version if it doesn't exist (mysql)" duration=15.81µs
logger=resource-migrator t=2026-04-27T14:16:26.058365039Z level=info msg="Executing migration" id="add primary key with columns group,resource to table resource_version (postgres and sqlite)"
logger=resource-migrator t=2026-04-27T14:16:26.062502142Z level=info msg="Migration successfully executed" id="add primary key with columns group,resource to table resource_version (postgres and sqlite)" duration=4.136983ms
logger=resource-migrator t=2026-04-27T14:16:26.067083584Z level=info msg="Executing migration" id="Change key_path collation of resource_history in postgres"
logger=resource-migrator t=2026-04-27T14:16:26.067096524Z level=info msg="Migration successfully executed" id="Change key_path collation of resource_history in postgres" duration=13.09µs
logger=resource-migrator t=2026-04-27T14:16:26.071704216Z level=info msg="Executing migration" id="Change key_path collation of resource_events in postgres"
logger=resource-migrator t=2026-04-27T14:16:26.071726426Z level=info msg="Migration successfully executed" id="Change key_path collation of resource_events in postgres" duration=22.81µs
logger=resource-migrator t=2026-04-27T14:16:26.075450549Z level=info msg="Executing migration" id="resource_history key_path backfill"
logger=resource-migrator t=2026-04-27T14:16:26.075659579Z level=info msg="Migration successfully executed" id="resource_history key_path backfill" duration=208.97µs
logger=resource-migrator t=2026-04-27T14:16:26.079364272Z level=info msg="Executing migration" id="Add index to resource_history for garbage collection"
logger=resource-migrator t=2026-04-27T14:16:26.079722642Z level=info msg="Migration successfully executed" id="Add index to resource_history for garbage collection" duration=358.24µs
logger=resource-migrator t=2026-04-27T14:16:26.084264584Z level=info msg="Executing migration" id="Fix small resource versions"
logger=resource-migrator t=2026-04-27T14:16:26.084403654Z level=info msg="Migration successfully executed" id="Fix small resource versions" duration=140.16µs
logger=resource-migrator t=2026-04-27T14:16:26.088856996Z level=info msg="Executing migration" id="create table pending_tenant_deletions"
logger=resource-migrator t=2026-04-27T14:16:26.089124406Z level=info msg="Migration successfully executed" id="create table pending_tenant_deletions" duration=267.32µs
logger=resource-migrator t=2026-04-27T14:16:26.093559898Z level=info msg="Executing migration" id="Change key_path collation of pending_tenant_deletions in postgres"
logger=resource-migrator t=2026-04-27T14:16:26.093575158Z level=info msg="Migration successfully executed" id="Change key_path collation of pending_tenant_deletions in postgres" duration=15µs
logger=resource-migrator t=2026-04-27T14:16:26.097252341Z level=info msg="migrations completed" performed=43 skipped=0 duration=200.81491ms
logger=resource-migrator t=2026-04-27T14:16:26.097402141Z level=info msg="Unlocking database"
t=2026-04-27T14:16:26.098866169Z level=info caller=logger.go:214 time=2026-04-27T14:16:26.098853899Z msg="Using channel notifier" logger=sql-resource-server
logger=resource-search t=2026-04-27T14:16:26.099220648Z level=info msg="search index initialized" duration_secs=0 total_docs=0
logger=unifiedstorage-migrator t=2026-04-27T14:16:26.101498224Z level=info msg="Locking database"
logger=unifiedstorage-migrator t=2026-04-27T14:16:26.101515734Z level=info msg="Starting DB migrations"
logger=unifiedstorage-migrator t=2026-04-27T14:16:26.102647082Z level=info msg="Executing migration" id="create unifiedstorage_migration_log table"
logger=unifiedstorage-migrator t=2026-04-27T14:16:26.102829042Z level=info msg="Migration successfully executed" id="create unifiedstorage_migration_log table" duration=181.73µs
logger=unifiedstorage-migrator t=2026-04-27T14:16:26.106772295Z level=info msg="migrations completed" performed=1 skipped=0 duration=4.136083ms
logger=unifiedstorage-migrator t=2026-04-27T14:16:26.106923875Z level=info msg="Unlocking database"
logger=storage.unified.migrations t=2026-04-27T14:16:26.106944145Z level=info msg="Running migrations for unified storage"
logger=storage.unified.migrations t=2026-04-27T14:16:26.106977274Z level=info msg="Migration is disabled in config, skipping" migration=shorturls
logger=storage.unified.migrations t=2026-04-27T14:16:26.106983934Z level=info msg="Migration is disabled in config, skipping" migration=datasource
logger=storage.unified.migrations t=2026-04-27T14:16:26.106990244Z level=info msg="Migration is disabled in config, skipping" migration=stars
logger=unifiedstorage-migrator t=2026-04-27T14:16:26.107008884Z level=info msg="Locking database"
logger=unifiedstorage-migrator t=2026-04-27T14:16:26.107015174Z level=info msg="Starting DB migrations"
logger=unifiedstorage-migrator t=2026-04-27T14:16:26.107172104Z level=info msg="Executing migration" id="folders and dashboards migration"
logger=storage.unified.migration_runner.folders-dashboards t=2026-04-27T14:16:26.107240574Z level=info msg="Starting migration for all organizations" org_count=1 resources="[folders.folder.grafana.app dashboards.dashboard.grafana.app]"
logger=storage.unified.migration_runner.folders-dashboards t=2026-04-27T14:16:26.107332724Z level=info msg="Stored migrator transaction in context for bulk operations (SQLite compatibility)"
logger=storage.unified.migration_runner.folders-dashboards t=2026-04-27T14:16:26.107342864Z level=info msg="Migrating organization" org_id=1 namespace=default
logger=storage.unified.migrator t=2026-04-27T14:16:26.107396174Z level=info msg="start migrating legacy resources" namespace=default orgId=1 stackId=0
logger=storage.unified.migration_runner.folders-dashboards t=2026-04-27T14:16:26.107405364Z level=info msg="Migration progress" org_id=1 count=-1 message="migrating folders..."
t=2026-04-27T14:16:26.107601323Z level=info caller=logger.go:214 time=2026-04-27T14:16:26.107595333Z msg="Using SQLite transaction from client context" logger=sql-resource-server
logger=storage.unified.migration_runner.folders-dashboards t=2026-04-27T14:16:26.108954011Z level=info msg="Migration progress" org_id=1 count=-2 message="finished folders... (0)"
logger=storage.unified.migration_runner.folders-dashboards t=2026-04-27T14:16:26.108968191Z level=info msg="Migration progress" org_id=1 count=-1 message="migrating dashboards..."
logger=storage.unified.migration_runner.folders-dashboards t=2026-04-27T14:16:26.109144651Z level=info msg="Migration progress" org_id=1 count=-2 message="finished dashboards... (0)"
logger=storage.unified.migrator t=2026-04-27T14:16:26.109155461Z level=info msg="finished migrating legacy resources" namespace=default orgId=1 stackId=0
t=2026-04-27T14:16:26.109175231Z level=info caller=logger.go:214 time=2026-04-27T14:16:26.109170421Z msg="synchronize collection" key=default/folder.grafana.app/folders
t=2026-04-27T14:16:26.10962859Z level=info caller=logger.go:214 time=2026-04-27T14:16:26.10962448Z msg="get stats (still in transaction)" key=default/folder.grafana.app/folders
t=2026-04-27T14:16:26.110180189Z level=info caller=logger.go:214 time=2026-04-27T14:16:26.110175819Z msg="successfully locked RV" logger=sql-resource-server nextRV=1777299386109008 key=default/folder.grafana.app/folders
t=2026-04-27T14:16:26.110252309Z level=info caller=logger.go:214 time=2026-04-27T14:16:26.110249479Z msg="successfully saved RV" logger=sql-resource-server rv=1777299386109008 key=default/folder.grafana.app/folders
t=2026-04-27T14:16:26.110390308Z level=info caller=logger.go:214 time=2026-04-27T14:16:26.110387378Z msg="synchronize collection" key=default/dashboard.grafana.app/dashboards
t=2026-04-27T14:16:26.110788168Z level=info caller=logger.go:214 time=2026-04-27T14:16:26.110784648Z msg="get stats (still in transaction)" key=default/dashboard.grafana.app/dashboards
t=2026-04-27T14:16:26.111133927Z level=info caller=logger.go:214 time=2026-04-27T14:16:26.111130487Z msg="successfully locked RV" logger=sql-resource-server nextRV=1777299386111019 key=default/dashboard.grafana.app/dashboards
t=2026-04-27T14:16:26.111193617Z level=info caller=logger.go:214 time=2026-04-27T14:16:26.111191197Z msg="successfully saved RV" logger=sql-resource-server rv=1777299386111019 key=default/dashboard.grafana.app/dashboards
logger=storage.unified.migrator t=2026-04-27T14:16:26.111386157Z level=info msg="start rebuilding index for resources" namespace=default orgId=1 resources="[folders.folder.grafana.app dashboards.dashboard.grafana.app]"
logger=storage.unified.migrator t=2026-04-27T14:16:26.112743794Z level=info msg="finished rebuilding index for resources" namespace=default orgId=1 resources="[folders.folder.grafana.app dashboards.dashboard.grafana.app]"
logger=storage.unified.migration_runner.folders-dashboards t=2026-04-27T14:16:26.112815674Z level=info msg="Count validation" resource=folders.folder.grafana.app namespace=default legacy_count=0 unified_count=0 migration_summary_count=0 rejected=0 history=0
logger=storage.unified.migration_runner.folders-dashboards t=2026-04-27T14:16:26.112857494Z level=info msg="Count validation" resource=dashboards.dashboard.grafana.app namespace=default legacy_count=0 unified_count=0 migration_summary_count=0 rejected=0 history=0
logger=storage.unified.migration_runner.folders-dashboards t=2026-04-27T14:16:26.112919394Z level=info msg="Folder tree structure validation passed" folder_count=0 namespace=default
logger=storage.unified.migration_runner.folders-dashboards t=2026-04-27T14:16:26.112927464Z level=info msg="Migration completed for organization" org_id=1 duration=5.57484ms processed=0 summaries=2 rejected=0
logger=storage.unified.migration_runner.folders-dashboards t=2026-04-27T14:16:26.112935194Z level=info msg="Migration completed successfully for all organizations" org_count=1
logger=unifiedstorage-migrator t=2026-04-27T14:16:26.112940754Z level=info msg="Migration successfully executed" id="folders and dashboards migration" duration=5.76864ms
logger=unifiedstorage-migrator t=2026-04-27T14:16:26.117370586Z level=info msg="Executing migration" id="playlists migration"
logger=storage.unified.migration_runner.playlists t=2026-04-27T14:16:26.117452306Z level=info msg="Starting migration for all organizations" org_count=1 resources=[playlists.playlist.grafana.app]
logger=storage.unified.migration_runner.playlists t=2026-04-27T14:16:26.117470176Z level=info msg="Stored migrator transaction in context for bulk operations (SQLite compatibility)"
logger=storage.unified.migration_runner.playlists t=2026-04-27T14:16:26.117536936Z level=info msg="Migration is not required, the legacy SQL table does not exist" table=playlist
logger=unifiedstorage-migrator t=2026-04-27T14:16:26.117544436Z level=info msg="Migration successfully executed" id="playlists migration" duration=174.06µs
logger=unifiedstorage-migrator t=2026-04-27T14:16:26.121945628Z level=info msg="migrations completed" performed=2 skipped=1 duration=14.782334ms
logger=unifiedstorage-migrator t=2026-04-27T14:16:26.122087438Z level=info msg="Unlocking database"
logger=storage.unified.migrations t=2026-04-27T14:16:26.122217908Z level=info msg="Unified storage migrations completed successfully"
logger=annotations t=2026-04-27T14:16:26.122608167Z level=info msg="Starting annotation dashboard_uid migration in background"
logger=annotations t=2026-04-27T14:16:26.122626217Z level=info msg="Starting batched dashboard_uid migration for annotations (newest first)" batchSize=5000
logger=annotations t=2026-04-27T14:16:26.122968467Z level=info msg="Completed dashboard_uid migration for annotations" totalUpdated=0
logger=annotations t=2026-04-27T14:16:26.122988347Z level=info msg="Annotation dashboard_uid migration completed successfully"
logger=storage.unified.migrations t=2026-04-27T14:16:26.124013175Z level=info msg="Resolved storage mode from migration log" resource=folders.folder.grafana.app mode=unified
logger=live.push_http t=2026-04-27T14:16:26.126215141Z level=info msg="Live Push Gateway initialization"
logger=ngalert.notifier t=2026-04-27T14:16:26.12686361Z level=info component=alertmanager orgID=1 msg="template definitions loaded" mimir=0 grafana=0 total=0 maxTemplateOutput=10485760
logger=ngalert.notifier component=alertmanager orgID=1 t=2026-04-27T14:16:26.128022348Z level=info msg="Applying new configuration to Alertmanager" configHash="{16778549912962373901 16454292769479786371 11334157631281353376 13684829433332818750 9889444224312429563 10278876130067529486 13274274624283075277 5144611013662998819}"
logger=ngalert.notifier t=2026-04-27T14:16:26.128038978Z level=info component=alertmanager orgID=1 msg="template definitions loaded" mimir=0 grafana=0 total=0 maxTemplateOutput=10485760
logger=ngalert.writer t=2026-04-27T14:16:26.13854386Z level=info msg="Setting up remote write using data sources" timeout=30s default_datasource_uid=
logger=ngalert t=2026-04-27T14:16:26.138583269Z level=info msg="Using protobuf-based alert instance store"
logger=ngalert.state.manager.persist t=2026-04-27T14:16:26.138594529Z level=info msg="Using sync rule state persister (compressed)"
logger=query_data t=2026-04-27T14:16:26.139288128Z level=info msg="Query Service initialization"
logger=annotation.app t=2026-04-27T14:16:26.165964742Z level=info msg="Starting annotation cleanup loop" interval=24h0m0s retention=2160h0m0s
logger=infra.usagestats.collector t=2026-04-27T14:16:26.166205571Z level=info msg="registering usage stat providers" usageStatsProvidersLen=2
logger=server t=2026-04-27T14:16:26.166289751Z level=info msg="Writing PID file" path=/var/run/grafana-server.pid pid=2244
logger=backgroundsvcs.managerAdapter t=2026-04-27T14:16:26.738525306Z level=info msg=starting module=tracing
logger=backgroundsvcs.managerAdapter t=2026-04-27T14:16:26.738626576Z level=info msg=starting module=grafana-apiserver
t=2026-04-27T14:16:26.886879278Z level=info caller=logger.go:214 time=2026-04-27T14:16:26.886872498Z msg="Zanzana is not enabled; skipping folder propagation hooks"
t=2026-04-27T14:16:26.886913178Z level=info caller=logger.go:214 time=2026-04-27T14:16:26.886911468Z msg="Zanzana is not enabled; skipping folder propagation hooks"
logger=grafana-apiserver t=2026-04-27T14:16:26.887396807Z level=info msg="Adding GroupVersion folder.grafana.app v1 to ResourceManager"
logger=grafana-apiserver t=2026-04-27T14:16:26.887583357Z level=info msg="Adding GroupVersion folder.grafana.app v1beta1 to ResourceManager"
logger=grafana-apiserver t=2026-04-27T14:16:26.887881377Z level=info msg="Adding GroupVersion userstorage.grafana.app v0alpha1 to ResourceManager"
logger=grafana-apiserver t=2026-04-27T14:16:26.888096866Z level=info msg="Adding GroupVersion preferences.grafana.app v1alpha1 to ResourceManager"
logger=grafana-apiserver t=2026-04-27T14:16:26.888199936Z level=info msg="Adding GroupVersion features.grafana.app v0alpha1 to ResourceManager"
logger=grafana-apiserver t=2026-04-27T14:16:26.891172021Z level=info msg="Adding GroupVersion dashboard.grafana.app v2 to ResourceManager"
logger=grafana-apiserver t=2026-04-27T14:16:26.891331521Z level=info msg="Adding GroupVersion dashboard.grafana.app v2beta1 to ResourceManager"
logger=grafana-apiserver t=2026-04-27T14:16:26.89150197Z level=info msg="Adding GroupVersion dashboard.grafana.app v2alpha1 to ResourceManager"
logger=grafana-apiserver t=2026-04-27T14:16:26.89174021Z level=info msg="Adding GroupVersion dashboard.grafana.app v0alpha1 to ResourceManager"
logger=grafana-apiserver t=2026-04-27T14:16:26.89188719Z level=info msg="Adding GroupVersion dashboard.grafana.app v1 to ResourceManager"
logger=grafana-apiserver t=2026-04-27T14:16:26.892026409Z level=info msg="Adding GroupVersion dashboard.grafana.app v1beta1 to ResourceManager"
logger=grafana-apiserver t=2026-04-27T14:16:26.892545939Z level=info msg="Adding GroupVersion collections.grafana.app v1alpha1 to ResourceManager"
logger=grafana-apiserver t=2026-04-27T14:16:26.894452385Z level=info msg="Adding GroupVersion provisioning.grafana.app v0alpha1 to ResourceManager"
logger=grafana-apiserver t=2026-04-27T14:16:26.89732454Z level=info msg="Adding GroupVersion provisioning.grafana.app v1beta1 to ResourceManager"
logger=grafana-apiserver t=2026-04-27T14:16:26.897935239Z level=info msg="Adding GroupVersion playlist.grafana.app v1 to ResourceManager"
logger=grafana-apiserver t=2026-04-27T14:16:26.898142369Z level=info msg="Adding GroupVersion playlist.grafana.app v0alpha1 to ResourceManager"
t=2026-04-27T14:16:26.898173679Z level=info caller=logger.go:214 time=2026-04-27T14:16:26.898167809Z msg="Installed APIs for app" app=playlist
logger=grafana-apiserver t=2026-04-27T14:16:26.898809777Z level=info msg="Adding GroupVersion plugins.grafana.app v0alpha1 to ResourceManager"
t=2026-04-27T14:16:26.898843527Z level=info caller=logger.go:214 time=2026-04-27T14:16:26.898840277Z msg="Installed APIs for app" app=plugins
logger=grafana-apiserver t=2026-04-27T14:16:26.899317987Z level=info msg="Adding GroupVersion example.grafana.app v1alpha1 to ResourceManager"
logger=grafana-apiserver t=2026-04-27T14:16:26.899528796Z level=info msg="Adding GroupVersion example.grafana.app v0alpha1 to ResourceManager"
t=2026-04-27T14:16:26.899578416Z level=info caller=logger.go:214 time=2026-04-27T14:16:26.899575496Z msg="Installed APIs for app" app=example
t=2026-04-27T14:16:26.899620196Z level=warn caller=logger.go:224 time=2026-04-27T14:16:26.899618016Z msg="skipped registering status sub-resource that does not support dual writing" resource=alertrules.rules.alerting.grafana.app version=v0alpha1 storagePath=alertrules/status
t=2026-04-27T14:16:26.899629966Z level=warn caller=logger.go:224 time=2026-04-27T14:16:26.899628256Z msg="skipped registering status sub-resource that does not support dual writing" resource=recordingrules.rules.alerting.grafana.app version=v0alpha1 storagePath=recordingrules/status
logger=grafana-apiserver t=2026-04-27T14:16:26.900170945Z level=info msg="Adding GroupVersion rules.alerting.grafana.app v0alpha1 to ResourceManager"
t=2026-04-27T14:16:26.900200795Z level=info caller=logger.go:214 time=2026-04-27T14:16:26.900198015Z msg="Installed APIs for app" app=alerting
logger=grafana-apiserver t=2026-04-27T14:16:26.901241373Z level=info msg="Adding GroupVersion notifications.alerting.grafana.app v1beta1 to ResourceManager"
logger=grafana-apiserver t=2026-04-27T14:16:26.901796012Z level=info msg="Adding GroupVersion notifications.alerting.grafana.app v0alpha1 to ResourceManager"
t=2026-04-27T14:16:26.901852382Z level=info caller=logger.go:214 time=2026-04-27T14:16:26.901849062Z msg="Installed APIs for app" app=alerting-notifications
logger=grafana-apiserver t=2026-04-27T14:16:26.902386781Z level=info msg="Adding GroupVersion advisor.grafana.app v0alpha1 to ResourceManager"
t=2026-04-27T14:16:26.902425851Z level=info caller=logger.go:214 time=2026-04-27T14:16:26.902423001Z msg="Installed APIs for app" app=advisor
t=2026-04-27T14:16:27.140880027Z level=info caller=logger.go:214 time=2026-04-27T14:16:27.140871207Z msg="App initialized" app=alerting
t=2026-04-27T14:16:27.140925897Z level=info caller=logger.go:214 time=2026-04-27T14:16:27.140922297Z msg="App initialized" app=plugins
t=2026-04-27T14:16:27.140890397Z level=info caller=logger.go:214 time=2026-04-27T14:16:27.140869027Z msg="App initialized" app=example
t=2026-04-27T14:16:27.140939407Z level=info caller=logger.go:214 time=2026-04-27T14:16:27.140927707Z msg="App initialized" app=playlist
t=2026-04-27T14:16:27.140965537Z level=info caller=logger.go:214 time=2026-04-27T14:16:27.140957297Z msg="App initialized" app=alerting-notifications
t=2026-04-27T14:16:27.141004666Z level=info caller=logger.go:214 time=2026-04-27T14:16:27.141000886Z msg="App initialized" app=advisor
logger=backgroundsvcs.managerAdapter t=2026-04-27T14:16:27.141036116Z level=info msg=starting module=plugins.store
logger=backgroundsvcs.managerAdapter t=2026-04-27T14:16:27.141059986Z level=info msg=starting module=plugin.backgroundinstaller
logger=plugin.backgroundinstaller t=2026-04-27T14:16:27.141071286Z level=info msg="Plugins installed" plugins=[]
logger=plugin.backgroundinstaller t=2026-04-27T14:16:27.141089996Z level=info msg="Installing plugins" plugins="[{ID:grafana-lokiexplore-app Version: URL:} {ID:grafana-pyroscope-app Version: URL:} {ID:grafana-exploretraces-app Version: URL:} {ID:grafana-metricsdrilldown-app Version: URL:} {ID:elasticsearch Version: URL:}]"
logger=plugin.backgroundinstaller t=2026-04-27T14:16:27.141118306Z level=info msg="Installing plugin" pluginId=grafana-lokiexplore-app version=
t=2026-04-27T14:16:27.141113576Z level=info caller=logger.go:214 time=2026-04-27T14:16:27.141099266Z msg="start concurrent job driver" logger=concurrent-job-driver num_drivers=3 num_drivers=3
t=2026-04-27T14:16:27.141145236Z level=info caller=logger.go:214 time=2026-04-27T14:16:27.141135876Z msg="starting job cleanup controller" logger=job-cleanup-controller cleanup_interval=1m30s expiry=30s
logger=backgroundsvcs.managerAdapter t=2026-04-27T14:16:27.141165176Z level=info msg=starting module=provisioning
t=2026-04-27T14:16:27.141196456Z level=info caller=logger.go:214 time=2026-04-27T14:16:27.141185966Z msg="start job driver" logger=concurrent-job-driver num_drivers=3 driver_id=1
t=2026-04-27T14:16:27.141213876Z level=info caller=logger.go:214 time=2026-04-27T14:16:27.141199096Z msg="start job driver" logger=concurrent-job-driver num_drivers=3 driver_id=2
t=2026-04-27T14:16:27.141227076Z level=info caller=logger.go:214 time=2026-04-27T14:16:27.141217866Z msg="Starting RepositoryController" logger=provisioning-repository-controller
t=2026-04-27T14:16:27.141171486Z level=info caller=logger.go:214 time=2026-04-27T14:16:27.141159476Z msg="start job driver" logger=concurrent-job-driver num_drivers=3 driver_id=0
logger=provisioning.alerting t=2026-04-27T14:16:27.142756283Z level=info msg="starting to provision alerting"
logger=provisioning.alerting t=2026-04-27T14:16:27.142769313Z level=info msg="finished to provision alerting"
logger=bleve-backend namespace=default group=dashboard.grafana.app resource=dashboards size=0 reason=search t=2026-04-27T14:16:27.168632658Z level=info msg="Building index using memory"
logger=bleve-backend namespace=default group=dashboard.grafana.app resource=dashboards size=0 reason=search t=2026-04-27T14:16:27.168905398Z level=info msg="Finished building index" elapsed=244.03µs listRV=1777299386111019
logger=bleve-backend namespace=default group=dashboard.grafana.app resource=dashboards size=0 reason=search t=2026-04-27T14:16:27.168922948Z level=info msg="Storing index in cache" key="{Namespace:default Group:dashboard.grafana.app Resource:dashboards}" expiration=2026-04-27T14:26:27.168922408Z
logger=provisioning.dashboard t=2026-04-27T14:16:27.17374204Z level=info msg="starting to provision dashboards"
logger=provisioning.dashboard t=2026-04-27T14:16:27.17375532Z level=info msg="finished to provision dashboards"
logger=backgroundsvcs.managerAdapter t=2026-04-27T14:16:27.177450683Z level=info msg=starting module=*manager.SecretsService
logger=backgroundsvcs.managerAdapter t=2026-04-27T14:16:27.177460773Z level=info msg=starting module=*manager.ServiceAccountsService
logger=backgroundsvcs.managerAdapter t=2026-04-27T14:16:27.177469253Z level=info msg=starting module=*pluginexternal.Service
logger=backgroundsvcs.managerAdapter t=2026-04-27T14:16:27.177476683Z level=info msg=starting module=*dualwrite.ZanzanaReconciler
logger=backgroundsvcs.managerAdapter t=2026-04-27T14:16:27.177488233Z level=info msg=starting module=*authimpl.UserAuthTokenService
logger=backgroundsvcs.managerAdapter t=2026-04-27T14:16:27.177501273Z level=info msg=starting module=*ngalert.AlertNG
logger=backgroundsvcs.managerAdapter t=2026-04-27T14:16:27.177505763Z level=info msg=starting module=*store.dummyEntityEventsService
logger=backgroundsvcs.managerAdapter t=2026-04-27T14:16:27.177506143Z level=info msg=starting module=*authz.EmbeddedZanzanaService
logger=backgroundsvcs.managerAdapter t=2026-04-27T14:16:27.177509353Z level=info msg=starting module=*loginattemptimpl.Service
logger=backgroundsvcs.managerAdapter t=2026-04-27T14:16:27.177509793Z level=info msg=starting module=*statscollector.Service
logger=backgroundsvcs.managerAdapter t=2026-04-27T14:16:27.177454983Z level=info msg=starting module=*ssosettingsimpl.Service
logger=backgroundsvcs.managerAdapter t=2026-04-27T14:16:27.177529783Z level=info msg=starting module=*store.standardStorageService
logger=backgroundsvcs.managerAdapter t=2026-04-27T14:16:27.177541223Z level=info msg=starting module=*pushhttp.Gateway
logger=backgroundsvcs.managerAdapter t=2026-04-27T14:16:27.177504123Z level=info msg=starting module=*metric.Service
logger=backgroundsvcs.managerAdapter t=2026-04-27T14:16:27.177556263Z level=info msg=starting module=*dynamic.KeyRetriever
logger=backgroundsvcs.managerAdapter t=2026-04-27T14:16:27.177479133Z level=info msg=starting module=*api.HTTPServer
logger=backgroundsvcs.managerAdapter t=2026-04-27T14:16:27.177565743Z level=info msg=starting module=*updatemanager.PluginsService
logger=backgroundsvcs.managerAdapter t=2026-04-27T14:16:27.177569713Z level=info msg=starting module=*angulardetectorsprovider.Dynamic
logger=backgroundsvcs.managerAdapter t=2026-04-27T14:16:27.177572433Z level=info msg=starting module=*live.GrafanaLive
logger=backgroundsvcs.managerAdapter t=2026-04-27T14:16:27.177565253Z level=info msg=starting module=*appregistry.Service
logger=backgroundsvcs.managerAdapter t=2026-04-27T14:16:27.177588713Z level=info msg=starting module=*service.DashboardServiceImpl
logger=backgroundsvcs.managerAdapter t=2026-04-27T14:16:27.177493063Z level=info msg=starting module=*anonimpl.AnonDeviceService
logger=backgroundsvcs.managerAdapter t=2026-04-27T14:16:27.177599833Z level=info msg=starting module=*service.UsageStats
logger=backgroundsvcs.managerAdapter t=2026-04-27T14:16:27.177503623Z level=info msg=starting module=*supportbundlesimpl.Service
logger=backgroundsvcs.managerAdapter t=2026-04-27T14:16:27.177629983Z level=info msg=starting module=*notifications.NotificationService
logger=backgroundsvcs.managerAdapter t=2026-04-27T14:16:27.177491763Z level=info msg=starting module=*updatemanager.GrafanaService
logger=app-registry t=2026-04-27T14:16:27.177607333Z level=info msg="app registry initialized"
logger=backgroundsvcs.managerAdapter t=2026-04-27T14:16:27.177455563Z level=info msg=starting module=*cleanup.CleanUpService
logger=backgroundsvcs.managerAdapter t=2026-04-27T14:16:27.177524983Z level=info msg=starting module=*service.DashboardUpdater
logger=backgroundsvcs.managerAdapter t=2026-04-27T14:16:27.177529853Z level=info msg=starting module=*metrics.InternalMetricsService
logger=backgroundsvcs.managerAdapter t=2026-04-27T14:16:27.177464593Z level=info msg=starting module=*migrations.SecretMigrationProviderImpl
logger=grafanaStorageLogger t=2026-04-27T14:16:27.177545773Z level=info msg="Storage starting"
logger=ngalert t=2026-04-27T14:16:27.177548063Z level=info msg="Primary node, alert rule evaluation enabled"
logger=ngalert.state.manager t=2026-04-27T14:16:27.177723833Z level=info msg="Warming state cache for startup"
logger=ngalert.multiorg.alertmanager t=2026-04-27T14:16:27.177565553Z level=info msg="Starting MultiOrg Alertmanager"
logger=backgroundsvcs.managerAdapter t=2026-04-27T14:16:27.177579463Z level=info msg=starting module=*garbagecollectionworker.Worker
logger=backgroundsvcs.managerAdapter t=2026-04-27T14:16:27.177556993Z level=info msg=starting module=*rendering.RenderingService
logger=backgroundsvcs.managerAdapter t=2026-04-27T14:16:27.177517993Z level=info msg=starting module=*remotecache.RemoteCache
logger=backgroundsvcs.managerAdapter t=2026-04-27T14:16:27.177827952Z level=info msg="All modules healthy"
logger=http.server t=2026-04-27T14:16:27.178873441Z level=info msg="HTTP Server Listen" address=[::]:3000 protocol=http subUrl= socket=
logger=sqlstore.transactions t=2026-04-27T14:16:27.190195501Z level=info msg="Database locked, sleeping then retrying" error="database is locked (5) (SQLITE_BUSY)" retry=0
t=2026-04-27T14:16:27.241987971Z level=info caller=logger.go:214 time=2026-04-27T14:16:27.241976881Z msg="Starting workers" logger=provisioning-repository-controller count=1
t=2026-04-27T14:16:27.242018961Z level=info caller=logger.go:214 time=2026-04-27T14:16:27.242015461Z msg="Started workers" logger=provisioning-repository-controller
t=2026-04-27T14:16:27.242109441Z level=info caller=logger.go:214 time=2026-04-27T14:16:27.242099041Z msg="Starting ConnectionController" logger=provisioning-connection-controller
t=2026-04-27T14:16:27.242130121Z level=info caller=logger.go:214 time=2026-04-27T14:16:27.242126861Z msg="Starting workers" logger=provisioning-connection-controller count=1
t=2026-04-27T14:16:27.24214501Z level=info caller=logger.go:214 time=2026-04-27T14:16:27.24214117Z msg="Started workers" logger=provisioning-connection-controller
logger=ngalert.state.manager t=2026-04-27T14:16:27.262502295Z level=info msg="State cache has been initialized" states=0 duration=84.778522ms
logger=ngalert.scheduler t=2026-04-27T14:16:27.262524285Z level=info msg="Starting scheduler" tickInterval=10s maxAttempts=3
logger=ngalert.scheduler t=2026-04-27T14:16:27.262553955Z level=info msg=starting component=ticker first_tick=2026-04-27T14:16:30Z
logger=plugins.update.checker t=2026-04-27T14:16:27.448793611Z level=info msg="flag evaluation succeeded" flag="{Value:false EvaluationDetails:{FlagKey:pluginsAutoUpdate FlagType:bool ResolutionDetail:{Variant:default Reason:STATIC ErrorCode: ErrorMessage: FlagMetadata:map[]}}}" details="{Value:false EvaluationDetails:{FlagKey:pluginsAutoUpdate FlagType:bool ResolutionDetail:{Variant:default Reason:STATIC ErrorCode: ErrorMessage: FlagMetadata:map[]}}}"
logger=plugins.update.checker t=2026-04-27T14:16:27.448874221Z level=info msg="Update check succeeded" duration=271.293518ms
logger=plugins.update.checker t=2026-04-27T14:16:27.448885741Z level=info msg="flag evaluation succeeded" flag="{Value:false EvaluationDetails:{FlagKey:pluginsAutoUpdate FlagType:bool ResolutionDetail:{Variant:default Reason:STATIC ErrorCode: ErrorMessage: FlagMetadata:map[]}}}" details="{Value:false EvaluationDetails:{FlagKey:pluginsAutoUpdate FlagType:bool ResolutionDetail:{Variant:default Reason:STATIC ErrorCode: ErrorMessage: FlagMetadata:map[]}}}"
logger=grafana.update.checker t=2026-04-27T14:16:27.448998261Z level=info msg="Update check succeeded" duration=271.332578ms
logger=plugin.angulardetectorsprovider.dynamic t=2026-04-27T14:16:27.471679031Z level=info msg="Patterns update finished" duration=206.518571ms
logger=plugin.installer t=2026-04-27T14:16:28.59957006Z level=info msg="Installing plugin" pluginId=grafana-lokiexplore-app version=
logger=installer.fs t=2026-04-27T14:16:28.675423148Z level=info msg="Downloaded and extracted grafana-lokiexplore-app v2.0.3 zip successfully to /var/lib/grafana/plugins/grafana-lokiexplore-app"
logger=plugins.registration t=2026-04-27T14:16:28.693990945Z level=info msg="Plugin registered" pluginId=grafana-lokiexplore-app
logger=plugin.backgroundinstaller t=2026-04-27T14:16:28.694010005Z level=info msg="Plugin successfully installed" pluginId=grafana-lokiexplore-app version= duration=1.552884219s
logger=plugin.backgroundinstaller t=2026-04-27T14:16:28.694025765Z level=info msg="Installing plugin" pluginId=grafana-pyroscope-app version=
logger=plugin.installer t=2026-04-27T14:16:29.433348949Z level=info msg="Installing plugin" pluginId=grafana-pyroscope-app version=
logger=installer.fs t=2026-04-27T14:16:29.479763188Z level=info msg="Downloaded and extracted grafana-pyroscope-app v2.0.4 zip successfully to /var/lib/grafana/plugins/grafana-pyroscope-app"
logger=plugins.registration t=2026-04-27T14:16:29.49576481Z level=info msg="Plugin registered" pluginId=grafana-pyroscope-app
logger=plugin.backgroundinstaller t=2026-04-27T14:16:29.49578046Z level=info msg="Plugin successfully installed" pluginId=grafana-pyroscope-app version= duration=801.750015ms
logger=plugin.backgroundinstaller t=2026-04-27T14:16:29.4957959Z level=info msg="Installing plugin" pluginId=grafana-exploretraces-app version=
logger=plugin.installer t=2026-04-27T14:16:30.367558233Z level=info msg="Installing plugin" pluginId=grafana-exploretraces-app version=
logger=installer.fs t=2026-04-27T14:16:30.4151149Z level=info msg="Downloaded and extracted grafana-exploretraces-app v2.0.2 zip successfully to /var/lib/grafana/plugins/grafana-exploretraces-app"
logger=plugins.registration t=2026-04-27T14:16:30.430144044Z level=info msg="Plugin registered" pluginId=grafana-exploretraces-app
logger=plugin.backgroundinstaller t=2026-04-27T14:16:30.430162474Z level=info msg="Plugin successfully installed" pluginId=grafana-exploretraces-app version= duration=934.361154ms
logger=plugin.backgroundinstaller t=2026-04-27T14:16:30.430178664Z level=info msg="Installing plugin" pluginId=grafana-metricsdrilldown-app version=
logger=plugin.installer t=2026-04-27T14:16:31.177191285Z level=info msg="Installing plugin" pluginId=grafana-metricsdrilldown-app version=
logger=installer.fs t=2026-04-27T14:16:31.221892967Z level=info msg="Downloaded and extracted grafana-metricsdrilldown-app v2.0.3 zip successfully to /var/lib/grafana/plugins/grafana-metricsdrilldown-app"
logger=plugins.registration t=2026-04-27T14:16:31.239405347Z level=info msg="Plugin registered" pluginId=grafana-metricsdrilldown-app
logger=plugin.backgroundinstaller t=2026-04-27T14:16:31.239444797Z level=info msg="Plugin successfully installed" pluginId=grafana-metricsdrilldown-app version= duration=809.260443ms
logger=plugin.backgroundinstaller t=2026-04-27T14:16:31.437697312Z level=info msg="Installing plugin" pluginId=elasticsearch version=
logger=plugin.installer t=2026-04-27T14:16:31.642603595Z level=info msg="Updating plugin" pluginId=elasticsearch from=12.5.4 to=12.5.5
logger=plugin.elasticsearch t=2026-04-27T14:16:31.64521614Z level=info msg="plugin process exited" plugin=/usr/share/grafana/data/plugins-bundled/elasticsearch/gpx_grafana_elasticsearch_datasource_linux_amd64 id=2294
logger=plugin.backgroundinstaller t=2026-04-27T14:16:31.64547346Z level=error msg="Failed to install plugin" pluginId=elasticsearch version= error="unlinkat /usr/share/grafana/data/plugins-bundled/elasticsearch/go_plugin_build_manifest: permission denied"
logger=authn.service t=2026-04-27T14:16:36.946201877Z level=warn msg="Failed to authenticate request" client=auth.client.session error="user token not found"
logger=context userId=0 orgId=0 uname= t=2026-04-27T14:16:36.946271647Z level=info msg="Request Completed" method=GET path=/api/live/ws status=401 remote_addr=127.0.0.1 time_ms=0 duration=362.97µs size=40 referer= handler=/api/live/ws status_source=server error="user token not found"
logger=dashboard-service t=2026-04-27T14:16:57.193358589Z level=info msg="No last resource version found, starting from scratch" orgID=1
logger=authn.service t=2026-04-27T14:17:00.165204305Z level=warn msg="Failed to authenticate request" client=auth.client.session error="user token not found"
logger=context userId=0 orgId=0 uname= t=2026-04-27T14:17:00.165277355Z level=info msg="Request Completed" method=GET path=/api/live/ws status=401 remote_addr=127.0.0.1 time_ms=0 duration=364.509µs size=40 referer= handler=/api/live/ws status_source=server error="user token not found"
logger=dashboard-service t=2026-04-27T14:17:27.1906598Z level=info msg="No last resource version found, starting from scratch" orgID=1
logger=authn.service t=2026-04-27T14:17:35.053512287Z level=warn msg="Failed to authenticate request" client=auth.client.session error="user token not found"
logger=context userId=0 orgId=0 uname= t=2026-04-27T14:17:35.053588857Z level=info msg="Request Completed" method=GET path=/api/live/ws status=401 remote_addr=127.0.0.1 time_ms=0 duration=366.589µs size=40 referer= handler=/api/live/ws status_source=server error="user token not found"
logger=dashboard-service t=2026-04-27T14:17:57.190364326Z level=info msg="No last resource version found, starting from scratch" orgID=1
logger=bleve-backend namespace=default group=folder.grafana.app resource=folders size=0 reason=getStats t=2026-04-27T14:18:05.180258006Z level=info msg="Building index using memory"
logger=bleve-backend namespace=default group=folder.grafana.app resource=folders size=0 reason=getStats t=2026-04-27T14:18:05.180558086Z level=info msg="Finished building index" elapsed=264.05µs listRV=1777299386109008
logger=bleve-backend namespace=default group=folder.grafana.app resource=folders size=0 reason=getStats t=2026-04-27T14:18:05.180575036Z level=info msg="Storing index in cache" key="{Namespace:default Group:folder.grafana.app Resource:folders}" expiration=2026-04-27T14:28:05.180573946Z
logger=bleve-backend namespace=default group=provisioning.grafana.app resource=repositories size=0 reason=getStats t=2026-04-27T14:18:05.181129955Z level=info msg="Building index using memory"
logger=bleve-backend namespace=default group=provisioning.grafana.app resource=repositories size=0 reason=getStats t=2026-04-27T14:18:05.181369244Z level=info msg="Finished building index" elapsed=222.519µs listRV=1
logger=bleve-backend namespace=default group=provisioning.grafana.app resource=repositories size=0 reason=getStats t=2026-04-27T14:18:05.181383834Z level=info msg="Storing index in cache" key="{Namespace:default Group:provisioning.grafana.app Resource:repositories}" expiration=2026-04-27T14:28:05.181383234Z
logger=bleve-backend namespace=default group=playlist.grafana.app resource=playlists size=0 reason=getStats t=2026-04-27T14:18:05.181828783Z level=info msg="Building index using memory"
logger=bleve-backend namespace=default group=playlist.grafana.app resource=playlists size=0 reason=getStats t=2026-04-27T14:18:05.182076323Z level=info msg="Finished building index" elapsed=224.6µs listRV=1
logger=bleve-backend namespace=default group=playlist.grafana.app resource=playlists size=0 reason=getStats t=2026-04-27T14:18:05.182088353Z level=info msg="Storing index in cache" key="{Namespace:default Group:playlist.grafana.app Resource:playlists}" expiration=2026-04-27T14:28:05.182087703Z
logger=infra.usagestats t=2026-04-27T14:18:05.182243463Z level=info msg="Usage stats are ready to report"
logger=dashboard-service t=2026-04-27T14:18:27.193492675Z level=info msg="No last resource version found, starting from scratch" orgID=1
logger=authn.service t=2026-04-27T14:18:27.754754318Z level=warn msg="Failed to authenticate request" client=auth.client.session error="user token not found"
logger=context userId=0 orgId=0 uname= t=2026-04-27T14:18:27.754827118Z level=info msg="Request Completed" method=GET path=/api/live/ws status=401 remote_addr=127.0.0.1 time_ms=0 duration=404.169µs size=40 referer= handler=/api/live/ws status_source=server error="user token not found"
logger=dashboard-service t=2026-04-27T14:18:57.187134607Z level=info msg="No last resource version found, starting from scratch" orgID=1
logger=authn.service t=2026-04-27T14:19:01.776197924Z level=warn msg="Failed to authenticate request" client=auth.client.session error="user token not found"
logger=context userId=0 orgId=0 uname= t=2026-04-27T14:19:01.777240572Z level=info msg="Request Completed" method=POST path=/api/user/auth-tokens/rotate status=401 remote_addr=127.0.0.1 time_ms=1 duration=1.320958ms size=26 referer="http://localhost:3000/?from=now-6h&orgId=1&timezone=browser&to=now" handler=/api/user/auth-tokens/rotate status_source=server error="user token not found"
logger=authn.service t=2026-04-27T14:19:01.788764242Z level=warn msg="Failed to authenticate request" client=auth.client.session error="user token not found"
logger=context userId=0 orgId=0 uname= t=2026-04-27T14:19:01.790198149Z level=info msg="Request Completed" method=GET path=/ status=302 remote_addr=127.0.0.1 time_ms=1 duration=1.661897ms size=104 referer=http://localhost:3000/login handler=/ status_source=server
logger=authn.service t=2026-04-27T14:19:01.796473368Z level=warn msg="Failed to authenticate request" client=auth.client.session error="user token not found"
logger=authn.service t=2026-04-27T14:19:01.879335944Z level=warn msg="Failed to authenticate request" client=auth.client.session error="user token not found"
logger=context userId=0 orgId=0 uname= t=2026-04-27T14:19:01.880960981Z level=info msg="Request Completed" method=GET path=/api/login/ping status=401 remote_addr=127.0.0.1 time_ms=1 duration=1.978936ms size=26 referer="http://localhost:3000/?from=now-6h&orgId=1&timezone=browser&to=now" handler=/api/login/ping status_source=server
logger=dashboard-service t=2026-04-27T14:19:27.191250752Z level=info msg="No last resource version found, starting from scratch" orgID=1
logger=dashboard-service t=2026-04-27T14:19:57.1845331Z level=info msg="No last resource version found, starting from scratch" orgID=1
logger=dashboard-service t=2026-04-27T14:20:27.190217526Z level=info msg="No last resource version found, starting from scratch" orgID=1
logger=dashboard-service t=2026-04-27T14:20:57.187606045Z level=info msg="No last resource version found, starting from scratch" orgID=1
logger=dashboard-service t=2026-04-27T14:21:27.187516784Z level=info msg="No last resource version found, starting from scratch" orgID=1
logger=dashboard-service t=2026-04-27T14:21:57.187442844Z level=info msg="No last resource version found, starting from scratch" orgID=1
logger=dashboard-service t=2026-04-27T14:22:27.183646992Z level=info msg="No last resource version found, starting from scratch" orgID=1
logger=dashboard-service t=2026-04-27T14:22:57.186296726Z level=info msg="No last resource version found, starting from scratch" orgID=1
logger=dashboard-service t=2026-04-27T14:23:27.193741532Z level=info msg="No last resource version found, starting from scratch" orgID=1
logger=dashboard-service t=2026-04-27T14:23:57.186790683Z level=info msg="No last resource version found, starting from scratch" orgID=1
logger=dashboard-service t=2026-04-27T14:24:27.190101569Z level=info msg="No last resource version found, starting from scratch" orgID=1
logger=authn.service t=2026-04-27T14:24:54.229230339Z level=warn msg="Failed to authenticate request" client=auth.client.session error="user token not found"
logger=context userId=1 orgId=1 uname=admin t=2026-04-27T14:24:56.661306275Z level=info msg="Request Completed" method=GET path=/api/live/ws status=-1 remote_addr=127.0.0.1 time_ms=1 duration=1.306606ms size=0 referer= handler=/api/live/ws status_source=server
logger=context userId=1 orgId=1 uname=admin t=2026-04-27T14:24:56.791405788Z level=info msg="Request Completed" method=GET path=/apis/userstorage.grafana.app/v0alpha1/namespaces/default/user-storage/grafana-splash-screen:bfkczq4rcg0sga status=404 remote_addr=127.0.0.1 time_ms=1 duration=1.444126ms size=367 referer="http://localhost:3000/?from=now-6h&orgId=1&timezone=browser&to=now" handler=/apis/* status_source=server
logger=dashboard-service t=2026-04-27T14:24:57.19071657Z level=info msg="No last resource version found, starting from scratch" orgID=1
logger=context userId=1 orgId=1 uname=admin t=2026-04-27T14:24:58.181215168Z level=info msg="Request Completed" method=POST path=/apis/userstorage.grafana.app/v0alpha1/namespaces/default/user-storage/ status=201 remote_addr=127.0.0.1 time_ms=11 duration=11.488017ms size=1134 referer="http://localhost:3000/?from=now-6h&orgId=1&timezone=browser&to=now" handler=/apis/* status_source=server
logger=dashboard-service t=2026-04-27T14:25:27.189663333Z level=info msg="No last resource version found, starting from scratch" orgID=1
logger=dashboard-service t=2026-04-27T14:25:57.189378707Z level=info msg="No last resource version found, starting from scratch" orgID=1
logger=dashboard-service t=2026-04-27T14:26:27.203566652Z level=info msg="No last resource version found, starting from scratch" orgID=1
logger=cleanup t=2026-04-27T14:26:27.207257921Z level=info msg="Completed cleanup jobs" duration=29.326035ms
logger=plugins.update.checker t=2026-04-27T14:26:27.60743798Z level=info msg="Update check succeeded" duration=158.164461ms
logger=plugins.update.checker t=2026-04-27T14:26:27.60749363Z level=info msg="flag evaluation succeeded" flag="{Value:false EvaluationDetails:{FlagKey:pluginsAutoUpdate FlagType:bool ResolutionDetail:{Variant:default Reason:STATIC ErrorCode: ErrorMessage: FlagMetadata:map[]}}}" details="{Value:false EvaluationDetails:{FlagKey:pluginsAutoUpdate FlagType:bool ResolutionDetail:{Variant:default Reason:STATIC ErrorCode: ErrorMessage: FlagMetadata:map[]}}}"
logger=dashboard-service t=2026-04-27T14:26:57.190123741Z level=info msg="No last resource version found, starting from scratch" orgID=1
logger=dashboard-service t=2026-04-27T14:27:27.188963274Z level=info msg="No last resource version found, starting from scratch" orgID=1
logger=dashboard-service t=2026-04-27T14:27:57.188504878Z level=info msg="No last resource version found, starting from scratch" orgID=1
logger=bleve-backend t=2026-04-27T14:28:25.895007325Z level=info msg="index evicted from cache" reason=expired key="{Namespace:default Group:dashboard.grafana.app Resource:dashboards}" storage=memory
logger=bleve-backend t=2026-04-27T14:28:25.895099695Z level=info msg="index evicted from cache" reason=expired key="{Namespace:default Group:folder.grafana.app Resource:folders}" storage=memory
logger=bleve-backend t=2026-04-27T14:28:25.895117615Z level=info msg="index evicted from cache" reason=expired key="{Namespace:default Group:provisioning.grafana.app Resource:repositories}" storage=memory
logger=bleve-backend t=2026-04-27T14:28:25.895132745Z level=info msg="index evicted from cache" reason=expired key="{Namespace:default Group:playlist.grafana.app Resource:playlists}" storage=memory
logger=dashboard-service t=2026-04-27T14:28:27.190075809Z level=info msg="No last resource version found, starting from scratch" orgID=1
logger=bleve-backend namespace=default group=dashboard.grafana.app resource=dashboards size=0 reason=search t=2026-04-27T14:28:50.068468049Z level=info msg="Building index using memory"
logger=bleve-backend namespace=default group=dashboard.grafana.app resource=dashboards size=0 reason=search t=2026-04-27T14:28:50.068788228Z level=info msg="Finished building index" elapsed=281.399µs listRV=1777299386111019
logger=bleve-backend namespace=default group=dashboard.grafana.app resource=dashboards size=0 reason=search t=2026-04-27T14:28:50.068808658Z level=info msg="Storing index in cache" key="{Namespace:default Group:dashboard.grafana.app Resource:dashboards}" expiration=2026-04-27T14:38:50.068807938Z
logger=bleve-backend namespace=default group=folder.grafana.app resource=folders size=0 reason=search t=2026-04-27T14:28:50.069502016Z level=info msg="Building index using memory"
logger=bleve-backend namespace=default group=folder.grafana.app resource=folders size=0 reason=search t=2026-04-27T14:28:50.069765106Z level=info msg="Finished building index" elapsed=248.03µs listRV=1777299386109008
logger=bleve-backend namespace=default group=folder.grafana.app resource=folders size=0 reason=search t=2026-04-27T14:28:50.069780926Z level=info msg="Storing index in cache" key="{Namespace:default Group:folder.grafana.app Resource:folders}" expiration=2026-04-27T14:38:50.069780356Z
logger=dashboard-service t=2026-04-27T14:28:57.185585567Z level=info msg="No last resource version found, starting from scratch" orgID=1
logger=dashboard-service t=2026-04-27T14:29:27.190163178Z level=info msg="No last resource version found, starting from scratch" orgID=1
logger=dashboard-service t=2026-04-27T14:29:57.190734956Z level=info msg="No last resource version found, starting from scratch" orgID=1
logger=dashboard-service t=2026-04-27T14:30:27.189618537Z level=info msg="No last resource version found, starting from scratch" orgID=1
logger=tsdb.influxdb endpoint=checkHealth pluginId=influxdb dsName=influxdb dsUID=ffkd0yqputhj4d uname=admin t=2026-04-27T14:30:34.781315659Z level=warn msg="Error performing influxdb healthcheck" err="Get \"http://localhost:8086/query?db=&epoch=ms&q=SHOW+measurements\": dial tcp [::1]:8086: connect: connection refused"
logger=context userId=1 orgId=1 uname=admin t=2026-04-27T14:30:34.781376538Z level=info msg="Request Completed" method=GET path=/api/datasources/uid/ffkd0yqputhj4d/health status=400 remote_addr=127.0.0.1 time_ms=1 duration=1.278427ms size=182 referer=http://localhost:3000/connections/datasources/edit/ffkd0yqputhj4d handler=/api/datasources/uid/:uid/health status_source=server
logger=dashboard-service t=2026-04-27T14:30:57.187331884Z level=info msg="No last resource version found, starting from scratch" orgID=1
logger=sqlstore.transactions t=2026-04-27T14:31:26.139051801Z level=info msg="Database locked, sleeping then retrying" error="database is locked (5) (SQLITE_BUSY)" retry=0
logger=dashboard-service t=2026-04-27T14:31:27.190204202Z level=info msg="No last resource version found, starting from scratch" orgID=1
logger=dashboard-service t=2026-04-27T14:31:57.187887101Z level=info msg="No last resource version found, starting from scratch" orgID=1
logger=dashboard-service t=2026-04-27T14:32:27.189434811Z level=info msg="No last resource version found, starting from scratch" orgID=1
logger=dashboard-service t=2026-04-27T14:32:57.186537979Z level=info msg="No last resource version found, starting from scratch" orgID=1
logger=dashboard-service t=2026-04-27T14:33:27.186018592Z level=info msg="No last resource version found, starting from scratch" orgID=1
logger=dashboard-service t=2026-04-27T14:33:57.1873585Z level=info msg="No last resource version found, starting from scratch" orgID=1
logger=dashboard-service t=2026-04-27T14:34:27.192162533Z level=info msg="No last resource version found, starting from scratch" orgID=1
logger=dashboard-service t=2026-04-27T14:34:57.187049924Z level=info msg="No last resource version found, starting from scratch" orgID=1
logger=dashboard-service t=2026-04-27T14:35:27.190275103Z level=info msg="No last resource version found, starting from scratch" orgID=1
logger=dashboard-service t=2026-04-27T14:35:57.188971627Z level=info msg="No last resource version found, starting from scratch" orgID=1
logger=dashboard-service t=2026-04-27T14:36:27.23852558Z level=info msg="No last resource version found, starting from scratch" orgID=1
logger=cleanup t=2026-04-27T14:36:27.242852658Z level=info msg="Completed cleanup jobs" duration=65.03542ms
logger=plugins.update.checker t=2026-04-27T14:36:27.591488147Z level=info msg="Update check succeeded" duration=141.60705ms
logger=plugins.update.checker t=2026-04-27T14:36:27.591540217Z level=info msg="flag evaluation succeeded" flag="{Value:false EvaluationDetails:{FlagKey:pluginsAutoUpdate FlagType:bool ResolutionDetail:{Variant:default Reason:STATIC ErrorCode: ErrorMessage: FlagMetadata:map[]}}}" details="{Value:false EvaluationDetails:{FlagKey:pluginsAutoUpdate FlagType:bool ResolutionDetail:{Variant:default Reason:STATIC ErrorCode: ErrorMessage: FlagMetadata:map[]}}}"
logger=dashboard-service t=2026-04-27T14:36:57.189642503Z level=info msg="No last resource version found, starting from scratch" orgID=1
logger=dashboard-service t=2026-04-27T14:37:27.184131576Z level=info msg="No last resource version found, starting from scratch" orgID=1
logger=dashboard-service t=2026-04-27T14:37:57.187941356Z level=info msg="No last resource version found, starting from scratch" orgID=1
logger=dashboard-service t=2026-04-27T14:38:27.189354853Z level=info msg="No last resource version found, starting from scratch" orgID=1
logger=dashboard-service t=2026-04-27T14:38:57.18694484Z level=info msg="No last resource version found, starting from scratch" orgID=1
logger=dashboard-service t=2026-04-27T14:39:27.188254832Z level=info msg="No last resource version found, starting from scratch" orgID=1
logger=dashboard-service t=2026-04-27T14:39:57.186122013Z level=info msg="No last resource version found, starting from scratch" orgID=1
logger=bleve-backend t=2026-04-27T14:40:25.895743651Z level=info msg="index evicted from cache" reason=expired key="{Namespace:default Group:dashboard.grafana.app Resource:dashboards}" storage=memory
logger=bleve-backend t=2026-04-27T14:40:25.89583282Z level=info msg="index evicted from cache" reason=expired key="{Namespace:default Group:folder.grafana.app Resource:folders}" storage=memory
logger=dashboard-service t=2026-04-27T14:40:27.186783833Z level=info msg="No last resource version found, starting from scratch" orgID=1
logger=dashboard-service t=2026-04-27T14:40:57.186133104Z level=info msg="No last resource version found, starting from scratch" orgID=1
logger=dashboard-service t=2026-04-27T14:41:27.229397449Z level=info msg="No last resource version found, starting from scratch" orgID=1
logger=dashboard-service t=2026-04-27T14:41:57.223971714Z level=info msg="No last resource version found, starting from scratch" orgID=1
logger=dashboard-service t=2026-04-27T14:42:27.189595989Z level=info msg="No last resource version found, starting from scratch" orgID=1
logger=dashboard-service t=2026-04-27T14:42:57.18946276Z level=info msg="No last resource version found, starting from scratch" orgID=1
logger=dashboard-service t=2026-04-27T14:43:27.189850208Z level=info msg="No last resource version found, starting from scratch" orgID=1
logger=dashboard-service t=2026-04-27T14:43:57.18806503Z level=info msg="No last resource version found, starting from scratch" orgID=1
logger=dashboard-service t=2026-04-27T14:44:27.187361671Z level=info msg="No last resource version found, starting from scratch" orgID=1
logger=dashboard-service t=2026-04-27T14:44:57.187319929Z level=info msg="No last resource version found, starting from scratch" orgID=1
logger=dashboard-service t=2026-04-27T14:45:27.186203955Z level=info msg="No last resource version found, starting from scratch" orgID=1
logger=dashboard-service t=2026-04-27T14:45:57.189762053Z level=info msg="No last resource version found, starting from scratch" orgID=1
logger=dashboard-service t=2026-04-27T14:46:27.203868461Z level=info msg="No last resource version found, starting from scratch" orgID=1
logger=cleanup t=2026-04-27T14:46:27.20881284Z level=info msg="Completed cleanup jobs" duration=30.794815ms
logger=plugins.update.checker t=2026-04-27T14:46:27.565146639Z level=info msg="Update check succeeded" duration=115.474004ms
logger=plugins.update.checker t=2026-04-27T14:46:27.565194579Z level=info msg="flag evaluation succeeded" flag="{Value:false EvaluationDetails:{FlagKey:pluginsAutoUpdate FlagType:bool ResolutionDetail:{Variant:default Reason:STATIC ErrorCode: ErrorMessage: FlagMetadata:map[]}}}" details="{Value:false EvaluationDetails:{FlagKey:pluginsAutoUpdate FlagType:bool ResolutionDetail:{Variant:default Reason:STATIC ErrorCode: ErrorMessage: FlagMetadata:map[]}}}"
logger=dashboard-service t=2026-04-27T14:46:57.186849788Z level=info msg="No last resource version found, starting from scratch" orgID=1
logger=dashboard-service t=2026-04-27T14:47:27.190012152Z level=info msg="No last resource version found, starting from scratch" orgID=1
logger=dashboard-service t=2026-04-27T14:47:57.187011743Z level=info msg="No last resource version found, starting from scratch" orgID=1
logger=bleve-backend namespace=default group=dashboard.grafana.app resource=dashboards size=0 reason=getStats t=2026-04-27T14:48:05.185504605Z level=info msg="Building index using memory"
logger=bleve-backend namespace=default group=dashboard.grafana.app resource=dashboards size=0 reason=getStats t=2026-04-27T14:48:05.185836735Z level=info msg="Finished building index" elapsed=295.45µs listRV=1777299386111019
logger=bleve-backend namespace=default group=dashboard.grafana.app resource=dashboards size=0 reason=getStats t=2026-04-27T14:48:05.185855935Z level=info msg="Storing index in cache" key="{Namespace:default Group:dashboard.grafana.app Resource:dashboards}" expiration=2026-04-27T14:58:05.185855315Z
logger=bleve-backend namespace=default group=folder.grafana.app resource=folders size=0 reason=getStats t=2026-04-27T14:48:05.186424034Z level=info msg="Building index using memory"
logger=bleve-backend namespace=default group=folder.grafana.app resource=folders size=0 reason=getStats t=2026-04-27T14:48:05.186692024Z level=info msg="Finished building index" elapsed=253.31µs listRV=1777299386109008
logger=bleve-backend namespace=default group=folder.grafana.app resource=folders size=0 reason=getStats t=2026-04-27T14:48:05.186708454Z level=info msg="Storing index in cache" key="{Namespace:default Group:folder.grafana.app Resource:folders}" expiration=2026-04-27T14:58:05.186707824Z
logger=bleve-backend namespace=default group=provisioning.grafana.app resource=repositories size=0 reason=getStats t=2026-04-27T14:48:05.187249263Z level=info msg="Building index using memory"
logger=bleve-backend namespace=default group=provisioning.grafana.app resource=repositories size=0 reason=getStats t=2026-04-27T14:48:05.187497983Z level=info msg="Finished building index" elapsed=234.36µs listRV=1
logger=bleve-backend namespace=default group=provisioning.grafana.app resource=repositories size=0 reason=getStats t=2026-04-27T14:48:05.187511823Z level=info msg="Storing index in cache" key="{Namespace:default Group:provisioning.grafana.app Resource:repositories}" expiration=2026-04-27T14:58:05.187511153Z
logger=bleve-backend namespace=default group=playlist.grafana.app resource=playlists size=0 reason=getStats t=2026-04-27T14:48:05.187971703Z level=info msg="Building index using memory"
logger=bleve-backend namespace=default group=playlist.grafana.app resource=playlists size=0 reason=getStats t=2026-04-27T14:48:05.188225763Z level=info msg="Finished building index" elapsed=238.25µs listRV=1
logger=bleve-backend namespace=default group=playlist.grafana.app resource=playlists size=0 reason=getStats t=2026-04-27T14:48:05.188246023Z level=info msg="Storing index in cache" key="{Namespace:default Group:playlist.grafana.app Resource:playlists}" expiration=2026-04-27T14:58:05.188245403Z
logger=infra.usagestats t=2026-04-27T14:48:05.188420032Z level=info msg="Usage stats are ready to report"
logger=dashboard-service t=2026-04-27T14:48:27.190476423Z level=info msg="No last resource version found, starting from scratch" orgID=1
logger=dashboard-service t=2026-04-27T14:48:57.18900821Z level=info msg="No last resource version found, starting from scratch" orgID=1
logger=dashboard-service t=2026-04-27T14:49:27.196918105Z level=info msg="No last resource version found, starting from scratch" orgID=1
logger=dashboard-service t=2026-04-27T14:49:57.196119447Z level=info msg="No last resource version found, starting from scratch" orgID=1
logger=dashboard-service t=2026-04-27T14:50:27.199008737Z level=info msg="No last resource version found, starting from scratch" orgID=1
logger=dashboard-service t=2026-04-27T14:50:57.194666146Z level=info msg="No last resource version found, starting from scratch" orgID=1
logger=dashboard-service t=2026-04-27T14:51:27.19704518Z level=info msg="No last resource version found, starting from scratch" orgID=1
logger=dashboard-service t=2026-04-27T14:51:57.18987246Z level=info msg="No last resource version found, starting from scratch" orgID=1
logger=dashboard-service t=2026-04-27T14:52:27.196286876Z level=info msg="No last resource version found, starting from scratch" orgID=1
logger=dashboard-service t=2026-04-27T14:52:57.186954944Z level=info msg="No last resource version found, starting from scratch" orgID=1
logger=dashboard-service t=2026-04-27T14:53:27.189869155Z level=info msg="No last resource version found, starting from scratch" orgID=1
logger=dashboard-service t=2026-04-27T14:53:57.225790813Z level=info msg="No last resource version found, starting from scratch" orgID=1
logger=dashboard-service t=2026-04-27T14:54:27.194233291Z level=info msg="No last resource version found, starting from scratch" orgID=1
logger=dashboard-service t=2026-04-27T14:54:57.185842453Z level=info msg="No last resource version found, starting from scratch" orgID=1
logger=dashboard-service t=2026-04-27T14:55:27.19184933Z level=info msg="No last resource version found, starting from scratch" orgID=1
logger=dashboard-service t=2026-04-27T14:55:57.186553506Z level=info msg="No last resource version found, starting from scratch" orgID=1
logger=dashboard-service t=2026-04-27T14:56:27.202485446Z level=info msg="No last resource version found, starting from scratch" orgID=1
logger=cleanup t=2026-04-27T14:56:27.21712737Z level=info msg="Completed cleanup jobs" duration=38.396608ms
logger=plugins.update.checker t=2026-04-27T14:56:27.607245671Z level=info msg="Update check succeeded" duration=157.324184ms
logger=plugins.update.checker t=2026-04-27T14:56:27.607300181Z level=info msg="flag evaluation succeeded" flag="{Value:false EvaluationDetails:{FlagKey:pluginsAutoUpdate FlagType:bool ResolutionDetail:{Variant:default Reason:STATIC ErrorCode: ErrorMessage: FlagMetadata:map[]}}}" details="{Value:false EvaluationDetails:{FlagKey:pluginsAutoUpdate FlagType:bool ResolutionDetail:{Variant:default Reason:STATIC ErrorCode: ErrorMessage: FlagMetadata:map[]}}}"
logger=dashboard-service t=2026-04-27T14:56:57.192750541Z level=info msg="No last resource version found, starting from scratch" orgID=1
logger=dashboard-service t=2026-04-27T14:57:27.187083026Z level=info msg="No last resource version found, starting from scratch" orgID=1
logger=dashboard-service t=2026-04-27T14:57:57.191604872Z level=info msg="No last resource version found, starting from scratch" orgID=1
logger=bleve-backend t=2026-04-27T14:58:25.895813081Z level=info msg="index evicted from cache" reason=expired key="{Namespace:default Group:provisioning.grafana.app Resource:repositories}" storage=memory
logger=bleve-backend t=2026-04-27T14:58:25.895899411Z level=info msg="index evicted from cache" reason=expired key="{Namespace:default Group:playlist.grafana.app Resource:playlists}" storage=memory
logger=bleve-backend t=2026-04-27T14:58:25.895915771Z level=info msg="index evicted from cache" reason=expired key="{Namespace:default Group:dashboard.grafana.app Resource:dashboards}" storage=memory
logger=bleve-backend t=2026-04-27T14:58:25.895942221Z level=info msg="index evicted from cache" reason=expired key="{Namespace:default Group:folder.grafana.app Resource:folders}" storage=memory
logger=dashboard-service t=2026-04-27T14:58:27.185196219Z level=info msg="No last resource version found, starting from scratch" orgID=1
logger=dashboard-service t=2026-04-27T14:58:57.188268652Z level=info msg="No last resource version found, starting from scratch" orgID=1
logger=dashboard-service t=2026-04-27T14:59:27.194327086Z level=info msg="No last resource version found, starting from scratch" orgID=1
logger=dashboard-service t=2026-04-27T14:59:57.186091849Z level=info msg="No last resource version found, starting from scratch" orgID=1
logger=dashboard-service t=2026-04-27T15:00:27.189694353Z level=info msg="No last resource version found, starting from scratch" orgID=1
logger=dashboard-service t=2026-04-27T15:00:57.188917694Z level=info msg="No last resource version found, starting from scratch" orgID=1
logger=dashboard-service t=2026-04-27T15:01:27.188006849Z level=info msg="No last resource version found, starting from scratch" orgID=1
logger=dashboard-service t=2026-04-27T15:01:57.188123546Z level=info msg="No last resource version found, starting from scratch" orgID=1
logger=dashboard-service t=2026-04-27T15:02:27.185532303Z level=info msg="No last resource version found, starting from scratch" orgID=1
logger=dashboard-service t=2026-04-27T15:02:57.189566518Z level=info msg="No last resource version found, starting from scratch" orgID=1
logger=dashboard-service t=2026-04-27T15:03:27.189398926Z level=info msg="No last resource version found, starting from scratch" orgID=1
logger=dashboard-service t=2026-04-27T15:03:57.186525092Z level=info msg="No last resource version found, starting from scratch" orgID=1
logger=dashboard-service t=2026-04-27T15:04:27.192163035Z level=info msg="No last resource version found, starting from scratch" orgID=1
logger=dashboard-service t=2026-04-27T15:04:57.18574892Z level=info msg="No last resource version found, starting from scratch" orgID=1
logger=dashboard-service t=2026-04-27T15:05:27.190177475Z level=info msg="No last resource version found, starting from scratch" orgID=1
logger=dashboard-service t=2026-04-27T15:05:57.18646131Z level=info msg="No last resource version found, starting from scratch" orgID=1
logger=dashboard-service t=2026-04-27T15:06:27.189114795Z level=info msg="No last resource version found, starting from scratch" orgID=1
logger=cleanup t=2026-04-27T15:06:27.209824009Z level=info msg="Completed cleanup jobs" duration=31.925107ms
logger=plugins.update.checker t=2026-04-27T15:06:27.721772118Z level=info msg="Update check succeeded" duration=271.997998ms
logger=plugins.update.checker t=2026-04-27T15:06:27.721842618Z level=info msg="flag evaluation succeeded" flag="{Value:false EvaluationDetails:{FlagKey:pluginsAutoUpdate FlagType:bool ResolutionDetail:{Variant:default Reason:STATIC ErrorCode: ErrorMessage: FlagMetadata:map[]}}}" details="{Value:false EvaluationDetails:{FlagKey:pluginsAutoUpdate FlagType:bool ResolutionDetail:{Variant:default Reason:STATIC ErrorCode: ErrorMessage: FlagMetadata:map[]}}}"
logger=dashboard-service t=2026-04-27T15:06:57.186592637Z level=info msg="No last resource version found, starting from scratch" orgID=1
logger=dashboard-service t=2026-04-27T15:07:27.195642737Z level=info msg="No last resource version found, starting from scratch" orgID=1
logger=dashboard-service t=2026-04-27T15:07:57.18674619Z level=info msg="No last resource version found, starting from scratch" orgID=1
logger=dashboard-service t=2026-04-27T15:08:27.199023479Z level=info msg="No last resource version found, starting from scratch" orgID=1
logger=dashboard-service t=2026-04-27T15:08:57.187178488Z level=info msg="No last resource version found, starting from scratch" orgID=1
logger=dashboard-service t=2026-04-27T15:09:27.187548311Z level=info msg="No last resource version found, starting from scratch" orgID=1
logger=dashboard-service t=2026-04-27T15:09:57.188696829Z level=info msg="No last resource version found, starting from scratch" orgID=1
logger=dashboard-service t=2026-04-27T15:10:27.189356017Z level=info msg="No last resource version found, starting from scratch" orgID=1
logger=dashboard-service t=2026-04-27T15:10:57.189254449Z level=info msg="No last resource version found, starting from scratch" orgID=1
logger=dashboard-service t=2026-04-27T15:11:27.189061795Z level=info msg="No last resource version found, starting from scratch" orgID=1
logger=dashboard-service t=2026-04-27T15:11:57.188829802Z level=info msg="No last resource version found, starting from scratch" orgID=1
logger=dashboard-service t=2026-04-27T15:12:27.187285584Z level=info msg="No last resource version found, starting from scratch" orgID=1
logger=dashboard-service t=2026-04-27T15:12:57.189578291Z level=info msg="No last resource version found, starting from scratch" orgID=1
logger=dashboard-service t=2026-04-27T15:13:27.189776925Z level=info msg="No last resource version found, starting from scratch" orgID=1
logger=dashboard-service t=2026-04-27T15:13:57.188315095Z level=info msg="No last resource version found, starting from scratch" orgID=1
logger=dashboard-service t=2026-04-27T15:14:27.195870454Z level=info msg="No last resource version found, starting from scratch" orgID=1
logger=dashboard-service t=2026-04-27T15:14:57.188931425Z level=info msg="No last resource version found, starting from scratch" orgID=1
logger=dashboard-service t=2026-04-27T15:15:27.187522263Z level=info msg="No last resource version found, starting from scratch" orgID=1
logger=dashboard-service t=2026-04-27T15:15:57.190562393Z level=info msg="No last resource version found, starting from scratch" orgID=1
logger=dashboard-service t=2026-04-27T15:16:27.191980604Z level=info msg="No last resource version found, starting from scratch" orgID=1
logger=cleanup t=2026-04-27T15:16:27.216513393Z level=info msg="Completed cleanup jobs" duration=38.156675ms
logger=plugins.update.checker t=2026-04-27T15:16:27.6076942Z level=info msg="Update check succeeded" duration=158.533975ms
logger=plugins.update.checker t=2026-04-27T15:16:27.60774257Z level=info msg="flag evaluation succeeded" flag="{Value:false EvaluationDetails:{FlagKey:pluginsAutoUpdate FlagType:bool ResolutionDetail:{Variant:default Reason:STATIC ErrorCode: ErrorMessage: FlagMetadata:map[]}}}" details="{Value:false EvaluationDetails:{FlagKey:pluginsAutoUpdate FlagType:bool ResolutionDetail:{Variant:default Reason:STATIC ErrorCode: ErrorMessage: FlagMetadata:map[]}}}"
logger=dashboard-service t=2026-04-27T15:16:57.189549117Z level=info msg="No last resource version found, starting from scratch" orgID=1
logger=dashboard-service t=2026-04-27T15:17:27.19046027Z level=info msg="No last resource version found, starting from scratch" orgID=1
logger=dashboard-service t=2026-04-27T15:17:57.188832561Z level=info msg="No last resource version found, starting from scratch" orgID=1
logger=bleve-backend namespace=default group=dashboard.grafana.app resource=dashboards size=0 reason=getStats t=2026-04-27T15:18:05.185066032Z level=info msg="Building index using memory"
logger=bleve-backend namespace=default group=dashboard.grafana.app resource=dashboards size=0 reason=getStats t=2026-04-27T15:18:05.185387923Z level=info msg="Finished building index" elapsed=282.601µs listRV=1777299386111019
logger=bleve-backend namespace=default group=dashboard.grafana.app resource=dashboards size=0 reason=getStats t=2026-04-27T15:18:05.185406093Z level=info msg="Storing index in cache" key="{Namespace:default Group:dashboard.grafana.app Resource:dashboards}" expiration=2026-04-27T15:28:05.185405383Z
logger=bleve-backend namespace=default group=folder.grafana.app resource=folders size=0 reason=getStats t=2026-04-27T15:18:05.185979963Z level=info msg="Building index using memory"
logger=bleve-backend namespace=default group=folder.grafana.app resource=folders size=0 reason=getStats t=2026-04-27T15:18:05.186238384Z level=info msg="Finished building index" elapsed=242.741µs listRV=1777299386109008
logger=bleve-backend namespace=default group=folder.grafana.app resource=folders size=0 reason=getStats t=2026-04-27T15:18:05.186261774Z level=info msg="Storing index in cache" key="{Namespace:default Group:folder.grafana.app Resource:folders}" expiration=2026-04-27T15:28:05.186260904Z
logger=bleve-backend namespace=default group=provisioning.grafana.app resource=repositories size=0 reason=getStats t=2026-04-27T15:18:05.186794994Z level=info msg="Building index using memory"
logger=bleve-backend namespace=default group=provisioning.grafana.app resource=repositories size=0 reason=getStats t=2026-04-27T15:18:05.187039975Z level=info msg="Finished building index" elapsed=229.771µs listRV=1
logger=bleve-backend namespace=default group=provisioning.grafana.app resource=repositories size=0 reason=getStats t=2026-04-27T15:18:05.187052245Z level=info msg="Storing index in cache" key="{Namespace:default Group:provisioning.grafana.app Resource:repositories}" expiration=2026-04-27T15:28:05.187051585Z
logger=bleve-backend namespace=default group=playlist.grafana.app resource=playlists size=0 reason=getStats t=2026-04-27T15:18:05.187492055Z level=info msg="Building index using memory"
logger=bleve-backend namespace=default group=playlist.grafana.app resource=playlists size=0 reason=getStats t=2026-04-27T15:18:05.187735636Z level=info msg="Finished building index" elapsed=231.521µs listRV=1
logger=bleve-backend namespace=default group=playlist.grafana.app resource=playlists size=0 reason=getStats t=2026-04-27T15:18:05.187750156Z level=info msg="Storing index in cache" key="{Namespace:default Group:playlist.grafana.app Resource:playlists}" expiration=2026-04-27T15:28:05.187749396Z
logger=infra.usagestats t=2026-04-27T15:18:05.187919226Z level=info msg="Usage stats are ready to report"
logger=dashboard-service t=2026-04-27T15:18:27.19045475Z level=info msg="No last resource version found, starting from scratch" orgID=1
logger=dashboard-service t=2026-04-27T15:18:57.20853315Z level=info msg="No last resource version found, starting from scratch" orgID=1
logger=dashboard-service t=2026-04-27T15:19:27.195052582Z level=info msg="No last resource version found, starting from scratch" orgID=1
logger=dashboard-service t=2026-04-27T15:19:57.192179928Z level=info msg="No last resource version found, starting from scratch" orgID=1
logger=dashboard-service t=2026-04-27T15:20:27.192752077Z level=info msg="No last resource version found, starting from scratch" orgID=1
logger=dashboard-service t=2026-04-27T15:20:57.188861235Z level=info msg="No last resource version found, starting from scratch" orgID=1
logger=dashboard-service t=2026-04-27T15:21:27.184649425Z level=info msg="No last resource version found, starting from scratch" orgID=1
logger=dashboard-service t=2026-04-27T15:21:57.190015731Z level=info msg="No last resource version found, starting from scratch" orgID=1
logger=dashboard-service t=2026-04-27T15:22:27.186161574Z level=info msg="No last resource version found, starting from scratch" orgID=1
logger=dashboard-service t=2026-04-27T15:22:57.187983772Z level=info msg="No last resource version found, starting from scratch" orgID=1
logger=dashboard-service t=2026-04-27T15:23:27.18850304Z level=info msg="No last resource version found, starting from scratch" orgID=1
logger=dashboard-service t=2026-04-27T15:23:57.190048691Z level=info msg="No last resource version found, starting from scratch" orgID=1
logger=dashboard-service t=2026-04-27T15:24:27.187909104Z level=info msg="No last resource version found, starting from scratch" orgID=1
logger=dashboard-service t=2026-04-27T15:24:57.188745116Z level=info msg="No last resource version found, starting from scratch" orgID=1
logger=dashboard-service t=2026-04-27T15:25:27.187007217Z level=info msg="No last resource version found, starting from scratch" orgID=1
logger=dashboard-service t=2026-04-27T15:25:57.199431781Z level=info msg="No last resource version found, starting from scratch" orgID=1
logger=dashboard-service t=2026-04-27T15:26:27.218514471Z level=info msg="No last resource version found, starting from scratch" orgID=1
logger=cleanup t=2026-04-27T15:26:27.221065123Z level=info msg="Completed cleanup jobs" duration=42.713895ms
logger=plugins.update.checker t=2026-04-27T15:26:27.567505879Z level=info msg="Update check succeeded" duration=118.15241ms
logger=plugins.update.checker t=2026-04-27T15:26:27.567569439Z level=info msg="flag evaluation succeeded" flag="{Value:false EvaluationDetails:{FlagKey:pluginsAutoUpdate FlagType:bool ResolutionDetail:{Variant:default Reason:STATIC ErrorCode: ErrorMessage: FlagMetadata:map[]}}}" details="{Value:false EvaluationDetails:{FlagKey:pluginsAutoUpdate FlagType:bool ResolutionDetail:{Variant:default Reason:STATIC ErrorCode: ErrorMessage: FlagMetadata:map[]}}}"
logger=dashboard-service t=2026-04-27T15:26:57.189594862Z level=info msg="No last resource version found, starting from scratch" orgID=1
logger=dashboard-service t=2026-04-27T15:27:27.189516001Z level=info msg="No last resource version found, starting from scratch" orgID=1
logger=dashboard-service t=2026-04-27T15:27:57.1866666Z level=info msg="No last resource version found, starting from scratch" orgID=1
logger=bleve-backend t=2026-04-27T15:28:25.89557696Z level=info msg="index evicted from cache" reason=expired key="{Namespace:default Group:folder.grafana.app Resource:folders}" storage=memory
logger=bleve-backend t=2026-04-27T15:28:25.89568219Z level=info msg="index evicted from cache" reason=expired key="{Namespace:default Group:provisioning.grafana.app Resource:repositories}" storage=memory
logger=bleve-backend t=2026-04-27T15:28:25.89569894Z level=info msg="index evicted from cache" reason=expired key="{Namespace:default Group:playlist.grafana.app Resource:playlists}" storage=memory
logger=bleve-backend t=2026-04-27T15:28:25.89571209Z level=info msg="index evicted from cache" reason=expired key="{Namespace:default Group:dashboard.grafana.app Resource:dashboards}" storage=memory
logger=dashboard-service t=2026-04-27T15:28:27.187112115Z level=info msg="No last resource version found, starting from scratch" orgID=1
logger=dashboard-service t=2026-04-27T15:28:57.188841632Z level=info msg="No last resource version found, starting from scratch" orgID=1
logger=dashboard-service t=2026-04-27T15:29:27.187462062Z level=info msg="No last resource version found, starting from scratch" orgID=1
logger=dashboard-service t=2026-04-27T15:29:57.183509784Z level=info msg="No last resource version found, starting from scratch" orgID=1
logger=dashboard-service t=2026-04-27T15:30:27.186691942Z level=info msg="No last resource version found, starting from scratch" orgID=1
logger=dashboard-service t=2026-04-27T15:30:57.184517407Z level=info msg="No last resource version found, starting from scratch" orgID=1
logger=dashboard-service t=2026-04-27T15:31:27.187589139Z level=info msg="No last resource version found, starting from scratch" orgID=1
logger=dashboard-service t=2026-04-27T15:31:57.183247335Z level=info msg="No last resource version found, starting from scratch" orgID=1
logger=dashboard-service t=2026-04-27T15:32:27.184807429Z level=info msg="No last resource version found, starting from scratch" orgID=1
logger=dashboard-service t=2026-04-27T15:32:57.183060357Z level=info msg="No last resource version found, starting from scratch" orgID=1
logger=dashboard-service t=2026-04-27T15:33:27.188611475Z level=info msg="No last resource version found, starting from scratch" orgID=1
logger=dashboard-service t=2026-04-27T15:33:57.187039958Z level=info msg="No last resource version found, starting from scratch" orgID=1
logger=dashboard-service t=2026-04-27T15:34:27.186116868Z level=info msg="No last resource version found, starting from scratch" orgID=1
